id,categoryId,categoryCode,categoryName,code,name,subCategory,description,energyType,usageType,status,createdAt,updatedAt
2f5af34b-c0de-4cd1-a936-4a69d3681783,5f85b944-74fa-4ebf-8d65-d53789a8f011,2W,Two Wheeler,E_BICYCLE_ELECTRIC,Electric Bicycle,BICYCLE,Pedal-assisted or low-speed electric bicycle used for personal or delivery mobility.,ELECTRIC,DELIVERY,ACTIVE,2026-09-13 10:27:58.419,2026-09-14 05:55:00.293
e02b3338-a61a-47ad-8300-7f945cdebeab,5f85b944-74fa-4ebf-8d65-d53789a8f011,2W,Two Wheeler,MOPED_ELECTRIC,Moped,MOPED,Low-powered two-wheeler with moped-style construction.,ELECTRIC,PRIVATE,ACTIVE,2026-09-13 10:27:58.413,2026-09-14 05:55:00.292
9b58217f-8a80-46a2-abe7-6cd7d05e4f5e,5f85b944-74fa-4ebf-8d65-d53789a8f011,2W,Two Wheeler,MOPED_PETROL,Moped,MOPED,Low-powered two-wheeler with moped-style construction.,PETROL,PRIVATE,ACTIVE,2026-09-13 10:27:58.413,2026-09-14 05:55:00.295
578b1b64-900a-4c40-9d98-fe57c368e15f,5f85b944-74fa-4ebf-8d65-d53789a8f011,2W,Two Wheeler,MOTORCYCLE_CNG,Motorcycle,MOTORCYCLE,"Two-wheeled motor vehicle including commuter, street and touring motorcycles.",CNG,PRIVATE,ACTIVE,2026-09-13 10:27:58.423,2026-09-14 05:55:00.288
a9cd175f-da6e-4666-a985-3b8e44e1bc01,5f85b944-74fa-4ebf-8d65-d53789a8f011,2W,Two Wheeler,MOTORCYCLE_ELECTRIC,Motorcycle,MOTORCYCLE,"Two-wheeled motor vehicle including commuter, street and touring motorcycles.",ELECTRIC,PRIVATE,ACTIVE,2026-09-13 10:27:58.417,2026-09-14 05:55:00.29
d6e9be3a-9fe0-404a-a598-cd5dd71aeb25,5f85b944-74fa-4ebf-8d65-d53789a8f011,2W,Two Wheeler,MOTORCYCLE_FOR_HIRE_ELECTRIC,Motorcycle for Hire,COMMERCIAL_2W,Motorcycle or scooter used commercially for hire or shared mobility.,ELECTRIC,SHARED_MOBILITY,ACTIVE,2026-09-13 10:27:58.615,2026-09-14 05:55:00.408
a2651b35-6bd6-4998-af6d-1cb6a520f494,5f85b944-74fa-4ebf-8d65-d53789a8f011,2W,Two Wheeler,MOTORCYCLE_FOR_HIRE_PETROL,Motorcycle for Hire,COMMERCIAL_2W,Motorcycle or scooter used commercially for hire or shared mobility.,PETROL,SHARED_MOBILITY,ACTIVE,2026-09-13 10:27:58.592,2026-09-14 05:55:00.399
2652f863-b4ec-418d-9b53-507dd9dcdbd6,5f85b944-74fa-4ebf-8d65-d53789a8f011,2W,Two Wheeler,MOTORCYCLE_PETROL,Motorcycle,MOTORCYCLE,"Two-wheeled motor vehicle including commuter, street and touring motorcycles.",PETROL,PRIVATE,ACTIVE,2026-09-13 10:27:58.418,2026-09-14 05:55:00.292
5a791d14-ab7f-4eee-9231-d880d230071d,5f85b944-74fa-4ebf-8d65-d53789a8f011,2W,Two Wheeler,MOTORCYCLE_SIDE_CAR_ELECTRIC,Motorcycle with Side Car,SIDE_CAR,Motorcycle or scooter fitted with a side car.,ELECTRIC,PRIVATE,ACTIVE,2026-09-13 10:27:58.416,2026-09-14 05:55:00.293
b28de008-6362-430b-8ad9-b817a0b41f11,5f85b944-74fa-4ebf-8d65-d53789a8f011,2W,Two Wheeler,MOTORCYCLE_SIDE_CAR_PETROL,Motorcycle with Side Car,SIDE_CAR,Motorcycle or scooter fitted with a side car.,PETROL,PRIVATE,ACTIVE,2026-09-13 10:27:58.42,2026-09-14 05:55:00.29
b021a814-82d5-405e-a0b4-5c1d705b4318,5f85b944-74fa-4ebf-8d65-d53789a8f011,2W,Two Wheeler,MOTORCYCLE_TRAILER_ELECTRIC,Motorcycle with Trailer,TRAILER_ATTACHED,Motorcycle or scooter configured to tow a small trailer.,ELECTRIC,GOODS,ACTIVE,2026-09-13 10:27:58.582,2026-09-14 05:55:00.392
25b78cac-0d94-4feb-8b40-e9f5e3fddaff,5f85b944-74fa-4ebf-8d65-d53789a8f011,2W,Two Wheeler,MOTORCYCLE_TRAILER_PETROL,Motorcycle with Trailer,TRAILER_ATTACHED,Motorcycle or scooter configured to tow a small trailer.,PETROL,GOODS,ACTIVE,2026-09-13 10:27:58.496,2026-09-14 05:55:00.344
8a43aab2-5260-45dd-b3cb-725f3a0c1e04,5f85b944-74fa-4ebf-8d65-d53789a8f011,2W,Two Wheeler,MOTORISED_CYCLE_ELECTRIC,Motorised Cycle,MOTORISED_CYCLE,Low-capacity motorised cycle including legacy low-cc classifications.,ELECTRIC,PRIVATE,ACTIVE,2026-09-13 10:27:58.413,2026-09-14 05:55:00.296
2b7c615b-a265-457f-8b46-c5d77aee56d0,5f85b944-74fa-4ebf-8d65-d53789a8f011,2W,Two Wheeler,MOTORISED_CYCLE_PETROL,Motorised Cycle,MOTORISED_CYCLE,Low-capacity motorised cycle including legacy low-cc classifications.,PETROL,PRIVATE,ACTIVE,2026-09-13 10:27:58.416,2026-09-14 05:55:00.295
5d0a771a-eb88-4ea0-81d7-e8df79c92b0a,5f85b944-74fa-4ebf-8d65-d53789a8f011,2W,Two Wheeler,SCOOTER_ELECTRIC,Scooter,SCOOTER,Step-through two-wheeler used for personal and urban mobility.,ELECTRIC,PRIVATE,ACTIVE,2026-09-13 10:27:58.411,2026-09-14 05:55:00.289
cbef2e39-4829-4af4-b8b1-77ff651812f0,5f85b944-74fa-4ebf-8d65-d53789a8f011,2W,Two Wheeler,SCOOTER_PETROL,Scooter,SCOOTER,Step-through two-wheeler used for personal and urban mobility.,PETROL,PRIVATE,ACTIVE,2026-09-13 10:27:58.414,2026-09-14 05:55:00.29
2be665e7-71fb-4f10-b9cc-24b2198af9a5,44dc50b4-ebac-4690-acde-21cc11e76f4e,3W,Three Wheeler,AUTO_RICKSHAW_CNG,Auto Rickshaw,PASSENGER_3W,Three-wheeled passenger auto-rickshaw used for commercial passenger transport.,CNG,PASSENGER,ACTIVE,2026-09-13 10:27:58.628,2026-09-14 05:55:00.417
4cd3aa61-ff3d-49e0-8506-5aa66bd0d21a,44dc50b4-ebac-4690-acde-21cc11e76f4e,3W,Three Wheeler,AUTO_RICKSHAW_DIESEL,Auto Rickshaw,PASSENGER_3W,Three-wheeled passenger auto-rickshaw used for commercial passenger transport.,DIESEL,PASSENGER,ACTIVE,2026-09-13 10:27:58.671,2026-09-14 05:55:00.434
ee2e2504-8969-4505-abdc-f8f87b461a82,44dc50b4-ebac-4690-acde-21cc11e76f4e,3W,Three Wheeler,AUTO_RICKSHAW_ELECTRIC,Auto Rickshaw,PASSENGER_3W,Three-wheeled passenger auto-rickshaw used for commercial passenger transport.,ELECTRIC,PASSENGER,ACTIVE,2026-09-13 10:27:58.5,2026-09-14 05:55:00.453
ba46f13a-e4cf-4132-8334-745d105273f7,44dc50b4-ebac-4690-acde-21cc11e76f4e,3W,Three Wheeler,AUTO_RICKSHAW_LPG,Auto Rickshaw,PASSENGER_3W,Three-wheeled passenger auto-rickshaw used for commercial passenger transport.,LPG,PASSENGER,ACTIVE,2026-09-13 10:27:58.733,2026-09-14 05:55:00.441
1e1ffda5-f9cd-4772-a93f-9dd242a58fe5,44dc50b4-ebac-4690-acde-21cc11e76f4e,3W,Three Wheeler,AUTO_RICKSHAW_PETROL,Auto Rickshaw,PASSENGER_3W,Three-wheeled passenger auto-rickshaw used for commercial passenger transport.,PETROL,PASSENGER,ACTIVE,2026-09-13 10:27:58.662,2026-09-14 05:55:00.43
b93d4702-62ed-4b72-94d3-002ab83b967a,44dc50b4-ebac-4690-acde-21cc11e76f4e,3W,Three Wheeler,E_CART_ELECTRIC,E-Cart,E_CART,Battery-operated three-wheeler intended primarily for goods and last-mile cargo movement.,ELECTRIC,DELIVERY,ACTIVE,2026-09-13 10:27:58.766,2026-09-14 05:55:00.431
4e94fd81-819d-45eb-b0b8-b2b6fd7a19ba,44dc50b4-ebac-4690-acde-21cc11e76f4e,3W,Three Wheeler,E_RICKSHAW_ELECTRIC,E-Rickshaw,E_RICKSHAW,Battery-operated three-wheeler intended primarily for last-mile passenger connectivity.,ELECTRIC,PASSENGER,ACTIVE,2026-09-13 10:27:58.724,2026-09-14 05:55:00.428
6bfcb2a4-8c7e-41b1-977f-5483ffeacafc,44dc50b4-ebac-4690-acde-21cc11e76f4e,3W,Three Wheeler,THREE_WHEELER_GOODS_CNG,Three Wheeler Goods,CARGO_3W,Three-wheeled goods carrier for urban and last-mile cargo movement.,CNG,GOODS,ACTIVE,2026-09-13 10:27:58.742,2026-09-14 05:55:00.431
5196b807-cbd3-40e3-9d9e-8d282703b6cf,44dc50b4-ebac-4690-acde-21cc11e76f4e,3W,Three Wheeler,THREE_WHEELER_GOODS_DIESEL,Three Wheeler Goods,CARGO_3W,Three-wheeled goods carrier for urban and last-mile cargo movement.,DIESEL,GOODS,ACTIVE,2026-09-13 10:27:58.724,2026-09-14 05:55:00.423
03c0e9ed-3000-4e5f-9f30-1791e19c1a0f,44dc50b4-ebac-4690-acde-21cc11e76f4e,3W,Three Wheeler,THREE_WHEELER_GOODS_ELECTRIC,Three Wheeler Goods,CARGO_3W,Three-wheeled goods carrier for urban and last-mile cargo movement.,ELECTRIC,GOODS,ACTIVE,2026-09-13 10:27:58.611,2026-09-14 05:55:00.453
4b0e1f42-38d4-4ceb-81e9-110cd0eee3d7,44dc50b4-ebac-4690-acde-21cc11e76f4e,3W,Three Wheeler,THREE_WHEELER_GOODS_LPG,Three Wheeler Goods,CARGO_3W,Three-wheeled goods carrier for urban and last-mile cargo movement.,LPG,GOODS,ACTIVE,2026-09-13 10:27:58.503,2026-09-14 05:55:00.447
d925c24d-c0fa-4561-b9ca-95ee5397c0ee,44dc50b4-ebac-4690-acde-21cc11e76f4e,3W,Three Wheeler,THREE_WHEELER_GOODS_PETROL,Three Wheeler Goods,CARGO_3W,Three-wheeled goods carrier for urban and last-mile cargo movement.,PETROL,GOODS,ACTIVE,2026-09-13 10:27:58.798,2026-09-14 05:55:00.437
776d9225-4dba-4875-a9c2-77c4b23f62a7,44dc50b4-ebac-4690-acde-21cc11e76f4e,3W,Three Wheeler,THREE_WHEELER_PASSENGER_CNG,Three Wheeler Passenger,PASSENGER_3W,Passenger-carrying three-wheeler other than conventional auto-rickshaw.,CNG,PASSENGER,ACTIVE,2026-09-13 10:27:58.503,2026-09-14 05:55:00.459
7c233356-3718-410e-9684-468633a4d86f,44dc50b4-ebac-4690-acde-21cc11e76f4e,3W,Three Wheeler,THREE_WHEELER_PASSENGER_DIESEL,Three Wheeler Passenger,PASSENGER_3W,Passenger-carrying three-wheeler other than conventional auto-rickshaw.,DIESEL,PASSENGER,ACTIVE,2026-09-13 10:27:58.617,2026-09-14 05:55:00.392
591d830e-a153-48c9-8b01-68913b4b2f98,44dc50b4-ebac-4690-acde-21cc11e76f4e,3W,Three Wheeler,THREE_WHEELER_PASSENGER_ELECTRIC,Three Wheeler Passenger,PASSENGER_3W,Passenger-carrying three-wheeler other than conventional auto-rickshaw.,ELECTRIC,PASSENGER,ACTIVE,2026-09-13 10:27:58.667,2026-09-14 05:55:00.41
df93c6fd-f325-4db2-b46b-818e440136cb,44dc50b4-ebac-4690-acde-21cc11e76f4e,3W,Three Wheeler,THREE_WHEELER_PASSENGER_LPG,Three Wheeler Passenger,PASSENGER_3W,Passenger-carrying three-wheeler other than conventional auto-rickshaw.,LPG,PASSENGER,ACTIVE,2026-09-13 10:27:58.633,2026-09-14 05:55:00.4
3dda7cd5-dc66-4714-a8a3-1d2f0bac56f0,44dc50b4-ebac-4690-acde-21cc11e76f4e,3W,Three Wheeler,THREE_WHEELER_PASSENGER_PETROL,Three Wheeler Passenger,PASSENGER_3W,Passenger-carrying three-wheeler other than conventional auto-rickshaw.,PETROL,PASSENGER,ACTIVE,2026-09-13 10:27:58.6,2026-09-14 05:55:00.34
3f258afd-a18e-41c7-a6a2-0e35389ed7b3,44dc50b4-ebac-4690-acde-21cc11e76f4e,3W,Three Wheeler,THREE_WHEELER_PERSONAL_ELECTRIC,Three Wheeler Personal,PERSONAL_3W,Three-wheeler registered or configured primarily for personal use.,ELECTRIC,PRIVATE,ACTIVE,2026-09-13 10:27:58.654,2026-09-14 05:55:00.383
b158b355-8759-4fbc-8824-6660ce07fd81,44dc50b4-ebac-4690-acde-21cc11e76f4e,3W,Three Wheeler,THREE_WHEELER_PERSONAL_PETROL,Three Wheeler Personal,PERSONAL_3W,Three-wheeler registered or configured primarily for personal use.,PETROL,PRIVATE,ACTIVE,2026-09-13 10:27:58.637,2026-09-14 05:55:00.459
05d2c654-d4f6-44a0-91f8-c08d3f2d04c8,4359f4cf-32a5-49f8-ac3d-a248f9fcadf3,4W,Four Wheeler,ADAPTED_VEHICLE_CNG,Adapted Vehicle,ACCESSIBLE_VEHICLE,Vehicle specially adapted for use by persons with disabilities.,CNG,PRIVATE,ACTIVE,2026-09-13 10:27:58.596,2026-09-14 05:55:00.41
43b3256d-0ce4-4eea-881a-14b29a628aac,4359f4cf-32a5-49f8-ac3d-a248f9fcadf3,4W,Four Wheeler,ADAPTED_VEHICLE_DIESEL,Adapted Vehicle,ACCESSIBLE_VEHICLE,Vehicle specially adapted for use by persons with disabilities.,DIESEL,PRIVATE,ACTIVE,2026-09-13 10:27:58.592,2026-09-14 05:55:00.403
7724c385-8800-4d74-a9d4-2f9f194d226d,4359f4cf-32a5-49f8-ac3d-a248f9fcadf3,4W,Four Wheeler,ADAPTED_VEHICLE_ELECTRIC,Adapted Vehicle,ACCESSIBLE_VEHICLE,Vehicle specially adapted for use by persons with disabilities.,ELECTRIC,PRIVATE,ACTIVE,2026-09-13 10:27:58.613,2026-09-14 05:55:00.416
e2952147-5e87-421a-b0bd-02df9cbc9ada,4359f4cf-32a5-49f8-ac3d-a248f9fcadf3,4W,Four Wheeler,ADAPTED_VEHICLE_PETROL,Adapted Vehicle,ACCESSIBLE_VEHICLE,Vehicle specially adapted for use by persons with disabilities.,PETROL,PRIVATE,ACTIVE,2026-09-13 10:27:58.873,2026-09-14 05:55:00.398
6732d1bf-08c8-4858-84e8-f5d67fbbddcf,4359f4cf-32a5-49f8-ac3d-a248f9fcadf3,4W,Four Wheeler,CAMPER_VAN_DIESEL,Camper Van,RECREATIONAL,Van converted or designed for camping and recreational travel.,DIESEL,PRIVATE,ACTIVE,2026-09-13 10:27:58.799,2026-09-14 05:55:00.434
9b9501be-c916-4c0a-9f62-af00e0534df4,4359f4cf-32a5-49f8-ac3d-a248f9fcadf3,4W,Four Wheeler,CAMPER_VAN_ELECTRIC,Camper Van,RECREATIONAL,Van converted or designed for camping and recreational travel.,ELECTRIC,PRIVATE,ACTIVE,2026-09-13 10:27:58.855,2026-09-14 05:55:00.389
1657f83f-d726-42e7-a201-dce45ac28fd5,4359f4cf-32a5-49f8-ac3d-a248f9fcadf3,4W,Four Wheeler,CAMPER_VAN_PETROL,Camper Van,RECREATIONAL,Van converted or designed for camping and recreational travel.,PETROL,PRIVATE,ACTIVE,2026-09-13 10:27:58.846,2026-09-14 05:55:00.444
da991d68-6516-40fc-80f7-d885b6bd24d4,4359f4cf-32a5-49f8-ac3d-a248f9fcadf3,4W,Four Wheeler,CONVERTIBLE_ELECTRIC,Convertible,PASSENGER_CAR,Passenger car with retractable or removable roof.,ELECTRIC,PRIVATE,ACTIVE,2026-09-13 10:27:58.67,2026-09-14 05:55:00.402
33592470-97f7-4e39-af41-3e3f84eea752,4359f4cf-32a5-49f8-ac3d-a248f9fcadf3,4W,Four Wheeler,CONVERTIBLE_PETROL,Convertible,PASSENGER_CAR,Passenger car with retractable or removable roof.,PETROL,PRIVATE,ACTIVE,2026-09-13 10:27:58.655,2026-09-14 05:55:00.392
2682148d-f4b4-4c0e-8425-524dcd179279,4359f4cf-32a5-49f8-ac3d-a248f9fcadf3,4W,Four Wheeler,COUPE_ELECTRIC,Coupe,PASSENGER_CAR,Passenger car with coupe-style body configuration.,ELECTRIC,PRIVATE,ACTIVE,2026-09-13 10:27:58.638,2026-09-14 05:55:00.384
01a56c3b-2db0-47c7-8b4b-e6074a685608,4359f4cf-32a5-49f8-ac3d-a248f9fcadf3,4W,Four Wheeler,COUPE_PETROL,Coupe,PASSENGER_CAR,Passenger car with coupe-style body configuration.,PETROL,PRIVATE,ACTIVE,2026-09-13 10:27:58.615,2026-09-14 05:55:00.343
1a99be11-5339-4603-a3f4-92953a31a0a6,4359f4cf-32a5-49f8-ac3d-a248f9fcadf3,4W,Four Wheeler,HATCHBACK_CNG,Hatchback,PASSENGER_CAR,Passenger car with a rear hatch and integrated cargo area.,CNG,PRIVATE,ACTIVE,2026-09-13 10:27:58.578,2026-09-14 05:55:00.451
125f2ced-d311-46b6-84c5-debf14e49c0e,4359f4cf-32a5-49f8-ac3d-a248f9fcadf3,4W,Four Wheeler,HATCHBACK_DIESEL,Hatchback,PASSENGER_CAR,Passenger car with a rear hatch and integrated cargo area.,DIESEL,PRIVATE,ACTIVE,2026-09-13 10:27:58.502,2026-09-14 05:55:00.443
4b89aacb-534b-4dec-8b37-4c6bfeae30f7,4359f4cf-32a5-49f8-ac3d-a248f9fcadf3,4W,Four Wheeler,HATCHBACK_ELECTRIC,Hatchback,PASSENGER_CAR,Passenger car with a rear hatch and integrated cargo area.,ELECTRIC,PRIVATE,ACTIVE,2026-09-13 10:27:58.665,2026-09-14 05:55:00.454
6e0a5b72-0789-45b0-8435-d2e58eadb78d,4359f4cf-32a5-49f8-ac3d-a248f9fcadf3,4W,Four Wheeler,HATCHBACK_PETROL,Hatchback,PASSENGER_CAR,Passenger car with a rear hatch and integrated cargo area.,PETROL,PRIVATE,ACTIVE,2026-09-13 10:27:58.807,2026-09-14 05:55:00.434
cdb1640b-6aca-440e-af49-8141f30e3483,4359f4cf-32a5-49f8-ac3d-a248f9fcadf3,4W,Four Wheeler,LUXURY_CAB_DIESEL,Luxury Cab,CAB,Premium passenger vehicle used for commercial chauffeur or taxi operations.,DIESEL,PASSENGER,ACTIVE,2026-09-13 10:27:58.845,2026-09-14 05:55:00.399
a5a5f76f-e8a6-4852-9a59-0cada3a23104,4359f4cf-32a5-49f8-ac3d-a248f9fcadf3,4W,Four Wheeler,LUXURY_CAB_ELECTRIC,Luxury Cab,CAB,Premium passenger vehicle used for commercial chauffeur or taxi operations.,ELECTRIC,PASSENGER,ACTIVE,2026-09-13 10:27:58.858,2026-09-14 05:55:00.403
81e2a835-1fd3-45e9-8cac-e4cc12d45bc6,4359f4cf-32a5-49f8-ac3d-a248f9fcadf3,4W,Four Wheeler,LUXURY_CAB_HYBRID,Luxury Cab,CAB,Premium passenger vehicle used for commercial chauffeur or taxi operations.,HYBRID,PASSENGER,ACTIVE,2026-09-13 10:27:58.875,2026-09-14 05:55:00.418
0eecdf64-71cc-4fb1-877c-1a1dc5da58eb,4359f4cf-32a5-49f8-ac3d-a248f9fcadf3,4W,Four Wheeler,LUXURY_CAB_PETROL,Luxury Cab,CAB,Premium passenger vehicle used for commercial chauffeur or taxi operations.,PETROL,PASSENGER,ACTIVE,2026-09-13 10:27:58.809,2026-09-14 05:55:00.417
514068b2-e057-42d8-bb58-8048a5b78cb4,4359f4cf-32a5-49f8-ac3d-a248f9fcadf3,4W,Four Wheeler,MAXI_CAB_CNG,Maxi Cab,CAB,Passenger vehicle configured as a maxi cab for commercial passenger transport.,CNG,PASSENGER,ACTIVE,2026-09-13 10:27:58.735,2026-09-14 05:55:00.41
2df88b9e-1db6-46cc-ba7c-bae979f5192b,4359f4cf-32a5-49f8-ac3d-a248f9fcadf3,4W,Four Wheeler,MAXI_CAB_DIESEL,Maxi Cab,CAB,Passenger vehicle configured as a maxi cab for commercial passenger transport.,DIESEL,PASSENGER,ACTIVE,2026-09-13 10:27:58.725,2026-09-14 05:55:00.407
e6706853-c025-44f6-9a26-556ff3bf6e0b,4359f4cf-32a5-49f8-ac3d-a248f9fcadf3,4W,Four Wheeler,MAXI_CAB_ELECTRIC,Maxi Cab,CAB,Passenger vehicle configured as a maxi cab for commercial passenger transport.,ELECTRIC,PASSENGER,ACTIVE,2026-09-13 10:27:58.761,2026-09-14 05:55:00.412
fb08c639-2499-490f-8e77-e296ab098133,4359f4cf-32a5-49f8-ac3d-a248f9fcadf3,4W,Four Wheeler,MOTOR_CAB_CNG,Motor Cab,CAB,Commercial passenger car used as a taxi or cab.,CNG,PASSENGER,ACTIVE,2026-09-13 10:27:58.637,2026-09-14 05:55:00.35
1828c868-9505-49ea-93a2-f142334494ce,4359f4cf-32a5-49f8-ac3d-a248f9fcadf3,4W,Four Wheeler,MOTOR_CAB_DIESEL,Motor Cab,CAB,Commercial passenger car used as a taxi or cab.,DIESEL,PASSENGER,ACTIVE,2026-09-13 10:27:58.616,2026-09-14 05:55:00.432
29f150b2-d7bd-4789-8cd4-28866cb57713,4359f4cf-32a5-49f8-ac3d-a248f9fcadf3,4W,Four Wheeler,MOTOR_CAB_ELECTRIC,Motor Cab,CAB,Commercial passenger car used as a taxi or cab.,ELECTRIC,PASSENGER,ACTIVE,2026-09-13 10:27:58.661,2026-09-14 05:55:00.395
22940f73-6061-409f-8888-20c51989f32a,4359f4cf-32a5-49f8-ac3d-a248f9fcadf3,4W,Four Wheeler,MOTOR_CAB_HYBRID,Motor Cab,CAB,Commercial passenger car used as a taxi or cab.,HYBRID,PASSENGER,ACTIVE,2026-09-13 10:27:58.713,2026-09-14 05:55:00.399
0afdf0d4-726e-4d8e-bbfa-333e621cd3fd,4359f4cf-32a5-49f8-ac3d-a248f9fcadf3,4W,Four Wheeler,MOTOR_CAB_PETROL,Motor Cab,CAB,Commercial passenger car used as a taxi or cab.,PETROL,PASSENGER,ACTIVE,2026-09-13 10:27:58.593,2026-09-14 05:55:00.428
d30c3ce7-21f2-4dc5-86d0-8abb6c938df5,4359f4cf-32a5-49f8-ac3d-a248f9fcadf3,4W,Four Wheeler,MOTOR_CARAVAN_DIESEL,Motor Caravan,RECREATIONAL,Self-propelled recreational vehicle or motorhome.,DIESEL,PRIVATE,ACTIVE,2026-09-13 10:27:58.737,2026-09-14 05:55:00.416
f6283592-de24-43b2-ada5-ea1b9142f4a6,4359f4cf-32a5-49f8-ac3d-a248f9fcadf3,4W,Four Wheeler,MOTOR_CARAVAN_PETROL,Motor Caravan,RECREATIONAL,Self-propelled recreational vehicle or motorhome.,PETROL,PRIVATE,ACTIVE,2026-09-13 10:27:58.752,2026-09-14 05:55:00.424
0e775587-c320-4fe9-8bdf-ef0d1e125221,4359f4cf-32a5-49f8-ac3d-a248f9fcadf3,4W,Four Wheeler,MPV_CNG,MPV,PASSENGER_CAR,Multi-purpose vehicle designed for flexible passenger seating and family/fleet use.,CNG,PRIVATE,ACTIVE,2026-09-13 10:27:58.737,2026-09-14 05:55:00.429
3773acd7-a42f-4763-a97b-f31ea31afd8d,4359f4cf-32a5-49f8-ac3d-a248f9fcadf3,4W,Four Wheeler,MPV_DIESEL,MPV,PASSENGER_CAR,Multi-purpose vehicle designed for flexible passenger seating and family/fleet use.,DIESEL,PRIVATE,ACTIVE,2026-09-13 10:27:58.67,2026-09-14 05:55:00.426
7edce9f4-c32c-49bd-a62b-86f6ea1d55d9,4359f4cf-32a5-49f8-ac3d-a248f9fcadf3,4W,Four Wheeler,MPV_ELECTRIC,MPV,PASSENGER_CAR,Multi-purpose vehicle designed for flexible passenger seating and family/fleet use.,ELECTRIC,PRIVATE,ACTIVE,2026-09-13 10:27:58.51,2026-09-14 05:55:00.432
1fa5812e-b0c5-4246-af2c-a442e1680b3d,4359f4cf-32a5-49f8-ac3d-a248f9fcadf3,4W,Four Wheeler,MPV_HYBRID,MPV,PASSENGER_CAR,Multi-purpose vehicle designed for flexible passenger seating and family/fleet use.,HYBRID,PRIVATE,ACTIVE,2026-09-13 10:27:58.513,2026-09-14 05:55:00.342
7824ddc3-f22e-4571-abe1-5cc14445b385,4359f4cf-32a5-49f8-ac3d-a248f9fcadf3,4W,Four Wheeler,MPV_PETROL,MPV,PASSENGER_CAR,Multi-purpose vehicle designed for flexible passenger seating and family/fleet use.,PETROL,PRIVATE,ACTIVE,2026-09-13 10:27:58.648,2026-09-14 05:55:00.417
6365db8d-23f4-4aca-8568-4565c9a351d8,4359f4cf-32a5-49f8-ac3d-a248f9fcadf3,4W,Four Wheeler,MUV_CNG,MUV,PASSENGER_CAR,Multi-utility vehicle designed for higher passenger and luggage capacity.,CNG,PRIVATE,ACTIVE,2026-09-13 10:27:58.61,2026-09-14 05:55:00.396
449bd3ba-e8af-4a45-9bbd-1b789976d05b,4359f4cf-32a5-49f8-ac3d-a248f9fcadf3,4W,Four Wheeler,MUV_DIESEL,MUV,PASSENGER_CAR,Multi-utility vehicle designed for higher passenger and luggage capacity.,DIESEL,PRIVATE,ACTIVE,2026-09-13 10:27:58.506,2026-09-14 05:55:00.389
94243e7c-df13-4eef-aae6-daee708e756e,4359f4cf-32a5-49f8-ac3d-a248f9fcadf3,4W,Four Wheeler,MUV_HYBRID,MUV,PASSENGER_CAR,Multi-utility vehicle designed for higher passenger and luggage capacity.,HYBRID,PRIVATE,ACTIVE,2026-09-13 10:27:58.62,2026-09-14 05:55:00.407
3994785f-7838-4b31-9b36-fd55b6a38c3d,4359f4cf-32a5-49f8-ac3d-a248f9fcadf3,4W,Four Wheeler,MUV_PETROL,MUV,PASSENGER_CAR,Multi-utility vehicle designed for higher passenger and luggage capacity.,PETROL,PRIVATE,ACTIVE,2026-09-13 10:27:58.636,2026-09-14 05:55:00.338
0d1b688b-a325-4254-95a4-e38672b97c5d,4359f4cf-32a5-49f8-ac3d-a248f9fcadf3,4W,Four Wheeler,PICKUP_CNG,Pickup,LIGHT_COMMERCIAL,Light commercial four-wheeler with an open cargo bed.,CNG,GOODS,ACTIVE,2026-09-13 10:27:58.795,2026-09-14 05:55:00.404
b261af44-0b33-4fae-b862-b1fc035789d9,4359f4cf-32a5-49f8-ac3d-a248f9fcadf3,4W,Four Wheeler,PICKUP_DIESEL,Pickup,LIGHT_COMMERCIAL,Light commercial four-wheeler with an open cargo bed.,DIESEL,GOODS,ACTIVE,2026-09-13 10:27:58.75,2026-09-14 05:55:00.395
c2b48f88-2805-410c-9599-14eeb6ba70f0,4359f4cf-32a5-49f8-ac3d-a248f9fcadf3,4W,Four Wheeler,PICKUP_ELECTRIC,Pickup,LIGHT_COMMERCIAL,Light commercial four-wheeler with an open cargo bed.,ELECTRIC,GOODS,ACTIVE,2026-09-13 10:27:58.582,2026-09-14 05:55:00.418
ea5b76ae-d57b-410a-a332-0d9640e3bfcd,4359f4cf-32a5-49f8-ac3d-a248f9fcadf3,4W,Four Wheeler,PICKUP_PETROL,Pickup,LIGHT_COMMERCIAL,Light commercial four-wheeler with an open cargo bed.,PETROL,GOODS,ACTIVE,2026-09-13 10:27:58.58,2026-09-14 05:55:00.412
d80d5aeb-4468-4ec7-963c-8225c9a7ab77,4359f4cf-32a5-49f8-ac3d-a248f9fcadf3,4W,Four Wheeler,PRIVATE_SERVICE_VEHICLE_CNG,Private Service Vehicle,SERVICE_VEHICLE,Passenger vehicle operated for a private organization's own transport requirements.,CNG,STAFF_TRANSPORT,ACTIVE,2026-09-13 10:27:58.731,2026-09-14 05:55:00.448
7b89ddf2-33fb-4f7d-bf80-14bb35c857bc,4359f4cf-32a5-49f8-ac3d-a248f9fcadf3,4W,Four Wheeler,PRIVATE_SERVICE_VEHICLE_DIESEL,Private Service Vehicle,SERVICE_VEHICLE,Passenger vehicle operated for a private organization's own transport requirements.,DIESEL,STAFF_TRANSPORT,ACTIVE,2026-09-13 10:27:58.677,2026-09-14 05:55:00.437
06a77c57-12d9-458d-aae7-b6aa91eb7506,4359f4cf-32a5-49f8-ac3d-a248f9fcadf3,4W,Four Wheeler,PRIVATE_SERVICE_VEHICLE_ELECTRIC,Private Service Vehicle,SERVICE_VEHICLE,Passenger vehicle operated for a private organization's own transport requirements.,ELECTRIC,STAFF_TRANSPORT,ACTIVE,2026-09-13 10:27:58.738,2026-09-14 05:55:00.459
46a65e5d-84cd-43e0-9a40-9fe6610edb91,4359f4cf-32a5-49f8-ac3d-a248f9fcadf3,4W,Four Wheeler,QUADRICYCLE_COMMERCIAL_CNG,Quadricycle Commercial,QUADRICYCLE,Commercial quadricycle used for passenger or light commercial mobility.,CNG,PASSENGER,ACTIVE,2026-09-13 10:27:58.646,2026-09-14 05:55:00.35
c119e6fb-3a1c-4f0d-943f-31132c5048ea,4359f4cf-32a5-49f8-ac3d-a248f9fcadf3,4W,Four Wheeler,QUADRICYCLE_COMMERCIAL_ELECTRIC,Quadricycle Commercial,QUADRICYCLE,Commercial quadricycle used for passenger or light commercial mobility.,ELECTRIC,PASSENGER,ACTIVE,2026-09-13 10:27:58.696,2026-09-14 05:55:00.408
7ee70825-0cf6-4050-b248-cde08f06243e,4359f4cf-32a5-49f8-ac3d-a248f9fcadf3,4W,Four Wheeler,QUADRICYCLE_COMMERCIAL_PETROL,Quadricycle Commercial,QUADRICYCLE,Commercial quadricycle used for passenger or light commercial mobility.,PETROL,PASSENGER,ACTIVE,2026-09-13 10:27:58.657,2026-09-14 05:55:00.354
92fd8315-2e67-4dec-91b3-248e12797852,4359f4cf-32a5-49f8-ac3d-a248f9fcadf3,4W,Four Wheeler,QUADRICYCLE_PRIVATE_CNG,Quadricycle Private,QUADRICYCLE,Four-wheeled light quadricycle for private use.,CNG,PRIVATE,ACTIVE,2026-09-13 10:27:58.603,2026-09-14 05:55:00.436
4ce6fbbf-11a3-4113-a6eb-590763e130f6,4359f4cf-32a5-49f8-ac3d-a248f9fcadf3,4W,Four Wheeler,QUADRICYCLE_PRIVATE_ELECTRIC,Quadricycle Private,QUADRICYCLE,Four-wheeled light quadricycle for private use.,ELECTRIC,PRIVATE,ACTIVE,2026-09-13 10:27:58.625,2026-09-14 05:55:00.448
91c40f56-4092-4313-8461-d818675b0810,4359f4cf-32a5-49f8-ac3d-a248f9fcadf3,4W,Four Wheeler,QUADRICYCLE_PRIVATE_PETROL,Quadricycle Private,QUADRICYCLE,Four-wheeled light quadricycle for private use.,PETROL,PRIVATE,ACTIVE,2026-09-13 10:27:58.586,2026-09-14 05:55:00.429
a7a215c0-b34c-46df-b97c-258384f734c6,4359f4cf-32a5-49f8-ac3d-a248f9fcadf3,4W,Four Wheeler,SEDAN_CNG,Sedan,PASSENGER_CAR,Passenger car with a separate boot/trunk compartment.,CNG,PRIVATE,ACTIVE,2026-09-13 10:27:58.762,2026-09-14 05:55:00.341
aac640ed-385b-43f1-8a75-2315b2e476f6,4359f4cf-32a5-49f8-ac3d-a248f9fcadf3,4W,Four Wheeler,SEDAN_DIESEL,Sedan,PASSENGER_CAR,Passenger car with a separate boot/trunk compartment.,DIESEL,PRIVATE,ACTIVE,2026-09-13 10:27:58.738,2026-09-14 05:55:00.337
9e95e95e-3a65-4705-93e1-f45d1eb8c1c2,4359f4cf-32a5-49f8-ac3d-a248f9fcadf3,4W,Four Wheeler,SEDAN_ELECTRIC,Sedan,PASSENGER_CAR,Passenger car with a separate boot/trunk compartment.,ELECTRIC,PRIVATE,ACTIVE,2026-09-13 10:27:58.823,2026-09-14 05:55:00.387
a299b8f7-e29a-4566-8144-61093756425c,4359f4cf-32a5-49f8-ac3d-a248f9fcadf3,4W,Four Wheeler,SEDAN_HYBRID,Sedan,PASSENGER_CAR,Passenger car with a separate boot/trunk compartment.,HYBRID,PRIVATE,ACTIVE,2026-09-13 10:27:58.503,2026-09-14 05:55:00.392
08fe079b-161c-4833-8e57-20162111bd46,4359f4cf-32a5-49f8-ac3d-a248f9fcadf3,4W,Four Wheeler,SEDAN_PETROL,Sedan,PASSENGER_CAR,Passenger car with a separate boot/trunk compartment.,PETROL,PRIVATE,ACTIVE,2026-09-13 10:27:58.732,2026-09-14 05:55:00.465
dcf2f3ce-8cb0-4b94-a671-6e1ed9acfe0d,4359f4cf-32a5-49f8-ac3d-a248f9fcadf3,4W,Four Wheeler,STATION_WAGON_DIESEL,Station Wagon,PASSENGER_CAR,Passenger car with extended rear cargo area and wagon body style.,DIESEL,PRIVATE,ACTIVE,2026-09-13 10:27:58.543,2026-09-14 05:55:00.417
38b739d3-2939-45dd-8bbd-210f341a6206,4359f4cf-32a5-49f8-ac3d-a248f9fcadf3,4W,Four Wheeler,STATION_WAGON_PETROL,Station Wagon,PASSENGER_CAR,Passenger car with extended rear cargo area and wagon body style.,PETROL,PRIVATE,ACTIVE,2026-09-13 10:27:58.531,2026-09-14 05:55:00.412
cf684543-c288-4608-857a-1d39142073cd,4359f4cf-32a5-49f8-ac3d-a248f9fcadf3,4W,Four Wheeler,SUV_CNG,SUV,PASSENGER_CAR,"Sport utility vehicle for personal, fleet and mixed-road use.",CNG,PRIVATE,ACTIVE,2026-09-13 10:27:58.604,2026-09-14 05:55:00.418
6674627e-ae02-4172-913a-4fd9918e4e3b,4359f4cf-32a5-49f8-ac3d-a248f9fcadf3,4W,Four Wheeler,SUV_DIESEL,SUV,PASSENGER_CAR,"Sport utility vehicle for personal, fleet and mixed-road use.",DIESEL,PRIVATE,ACTIVE,2026-09-13 10:27:58.592,2026-09-14 05:55:00.41
f03e57a0-f0e3-4020-baaa-7ad3108a5f52,4359f4cf-32a5-49f8-ac3d-a248f9fcadf3,4W,Four Wheeler,SUV_ELECTRIC,SUV,PASSENGER_CAR,"Sport utility vehicle for personal, fleet and mixed-road use.",ELECTRIC,PRIVATE,ACTIVE,2026-09-13 10:27:58.613,2026-09-14 05:55:00.427
4591a0a5-8c00-40a9-8324-bd9a88f8ccb0,4359f4cf-32a5-49f8-ac3d-a248f9fcadf3,4W,Four Wheeler,SUV_HYBRID,SUV,PASSENGER_CAR,"Sport utility vehicle for personal, fleet and mixed-road use.",HYBRID,PRIVATE,ACTIVE,2026-09-13 10:27:58.625,2026-09-14 05:55:00.431
38cea92c-1bd1-4ae5-9145-4e7df227e1b8,4359f4cf-32a5-49f8-ac3d-a248f9fcadf3,4W,Four Wheeler,SUV_PETROL,SUV,PASSENGER_CAR,"Sport utility vehicle for personal, fleet and mixed-road use.",PETROL,PRIVATE,ACTIVE,2026-09-13 10:27:58.503,2026-09-14 05:55:00.399
ac07ecb7-4a0c-47a6-b8f3-993fea6154bf,4359f4cf-32a5-49f8-ac3d-a248f9fcadf3,4W,Four Wheeler,VAN_CNG,Van,VAN,"Four-wheeled enclosed vehicle for passengers, goods or mixed utility.",CNG,PRIVATE,ACTIVE,2026-09-13 10:27:58.666,2026-09-14 05:55:00.343
8ef903f6-151b-403e-87d3-b10c5458b9cd,4359f4cf-32a5-49f8-ac3d-a248f9fcadf3,4W,Four Wheeler,VAN_DIESEL,Van,VAN,"Four-wheeled enclosed vehicle for passengers, goods or mixed utility.",DIESEL,PRIVATE,ACTIVE,2026-09-13 10:27:58.655,2026-09-14 05:55:00.434
fe5219ee-c979-4592-aa26-48665c8bd342,4359f4cf-32a5-49f8-ac3d-a248f9fcadf3,4W,Four Wheeler,VAN_ELECTRIC,Van,VAN,"Four-wheeled enclosed vehicle for passengers, goods or mixed utility.",ELECTRIC,PRIVATE,ACTIVE,2026-09-13 10:27:58.736,2026-09-14 05:55:00.347
cbc0c459-dd78-40c8-9e93-ad9b656aa965,4359f4cf-32a5-49f8-ac3d-a248f9fcadf3,4W,Four Wheeler,VAN_PETROL,Van,VAN,"Four-wheeled enclosed vehicle for passengers, goods or mixed utility.",PETROL,PRIVATE,ACTIVE,2026-09-13 10:27:58.625,2026-09-14 05:55:00.427
f40dd9b7-7432-4386-bcd2-f38364bc2b2f,4359f4cf-32a5-49f8-ac3d-a248f9fcadf3,4W,Four Wheeler,VINTAGE_MOTOR_VEHICLE_DIESEL,Vintage Motor Vehicle,VINTAGE,Vintage motor vehicle recognized under applicable Indian registration rules.,DIESEL,PRIVATE,ACTIVE,2026-09-13 10:27:58.654,2026-09-14 05:55:00.432
047cecac-9868-43a2-ae0d-a36eea967bf2,4359f4cf-32a5-49f8-ac3d-a248f9fcadf3,4W,Four Wheeler,VINTAGE_MOTOR_VEHICLE_PETROL,Vintage Motor Vehicle,VINTAGE,Vintage motor vehicle recognized under applicable Indian registration rules.,PETROL,PRIVATE,ACTIVE,2026-09-13 10:27:58.632,2026-09-14 05:55:00.427
cfee721b-916a-4f6a-ac62-98a7d41b568a,2e583f12-ac52-4a89-9d90-4d9a432bd055,BUS,Bus,CITY_BUS_CNG,City Bus,BUS,Bus configured for urban public transport and frequent-stop operations.,CNG,PUBLIC_TRANSPORT,ACTIVE,2026-09-13 10:27:58.589,2026-09-14 05:55:00.384
3a4d3b5a-7b96-4693-a6e3-aef122d4ccad,2e583f12-ac52-4a89-9d90-4d9a432bd055,BUS,Bus,CITY_BUS_DIESEL,City Bus,BUS,Bus configured for urban public transport and frequent-stop operations.,DIESEL,PUBLIC_TRANSPORT,ACTIVE,2026-09-13 10:27:58.59,2026-09-14 05:55:00.388
b9f9adf2-ee1b-4a77-a65e-ac4e79478e14,2e583f12-ac52-4a89-9d90-4d9a432bd055,BUS,Bus,CITY_BUS_ELECTRIC,City Bus,BUS,Bus configured for urban public transport and frequent-stop operations.,ELECTRIC,PUBLIC_TRANSPORT,ACTIVE,2026-09-13 10:27:58.589,2026-09-14 05:55:00.384
9eaf879c-8975-4d79-a76c-ce22cab778de,2e583f12-ac52-4a89-9d90-4d9a432bd055,BUS,Bus,CITY_BUS_HYDROGEN,City Bus,BUS,Bus configured for urban public transport and frequent-stop operations.,HYDROGEN,PUBLIC_TRANSPORT,ACTIVE,2026-09-13 10:27:58.591,2026-09-14 05:55:00.389
6df2dda7-549e-4488-91a8-384be0183e06,2e583f12-ac52-4a89-9d90-4d9a432bd055,BUS,Bus,COACH_CNG,Coach,BUS,Long-distance passenger coach with higher comfort and luggage capacity.,CNG,PASSENGER,ACTIVE,2026-09-13 10:27:58.669,2026-09-14 05:55:00.48
09961299-b23d-4d22-a0ca-11d7493928a7,2e583f12-ac52-4a89-9d90-4d9a432bd055,BUS,Bus,COACH_DIESEL,Coach,BUS,Long-distance passenger coach with higher comfort and luggage capacity.,DIESEL,PASSENGER,ACTIVE,2026-09-13 10:27:58.637,2026-09-14 05:55:00.474
d5403bd8-e8e1-4c4a-8df4-d27e4b2353bb,2e583f12-ac52-4a89-9d90-4d9a432bd055,BUS,Bus,COACH_ELECTRIC,Coach,BUS,Long-distance passenger coach with higher comfort and luggage capacity.,ELECTRIC,PASSENGER,ACTIVE,2026-09-13 10:27:58.714,2026-09-14 05:55:00.483
71c898b4-7251-45fa-bd13-2b02aa78a825,2e583f12-ac52-4a89-9d90-4d9a432bd055,BUS,Bus,INTERCITY_BUS_CNG,Intercity Bus,BUS,Bus designed for scheduled passenger transport between cities.,CNG,PUBLIC_TRANSPORT,ACTIVE,2026-09-13 10:27:58.595,2026-09-14 05:55:00.398
9deebd8d-019c-4513-acf9-9d5ea578a50c,2e583f12-ac52-4a89-9d90-4d9a432bd055,BUS,Bus,INTERCITY_BUS_DIESEL,Intercity Bus,BUS,Bus designed for scheduled passenger transport between cities.,DIESEL,PUBLIC_TRANSPORT,ACTIVE,2026-09-13 10:27:58.591,2026-09-14 05:55:00.391
48a5797f-e9a4-4f9f-8569-0a5a629cc80e,2e583f12-ac52-4a89-9d90-4d9a432bd055,BUS,Bus,INTERCITY_BUS_ELECTRIC,Intercity Bus,BUS,Bus designed for scheduled passenger transport between cities.,ELECTRIC,PUBLIC_TRANSPORT,ACTIVE,2026-09-13 10:27:58.611,2026-09-14 05:55:00.408
1b880fd1-5610-486e-8ca2-c0e8a3e86b34,2e583f12-ac52-4a89-9d90-4d9a432bd055,BUS,Bus,MINI_BUS_CNG,Mini Bus,BUS,"Small-capacity bus used for passenger, staff, school or feeder services.",CNG,PASSENGER,ACTIVE,2026-09-13 10:27:58.797,2026-09-14 05:55:00.48
cc0ed94a-97b5-4941-8c80-334f4d6edb01,2e583f12-ac52-4a89-9d90-4d9a432bd055,BUS,Bus,MINI_BUS_DIESEL,Mini Bus,BUS,"Small-capacity bus used for passenger, staff, school or feeder services.",DIESEL,PASSENGER,ACTIVE,2026-09-13 10:27:58.753,2026-09-14 05:55:00.47
4f6f9ce3-768c-410c-90b5-74a0d753a863,2e583f12-ac52-4a89-9d90-4d9a432bd055,BUS,Bus,MINI_BUS_ELECTRIC,Mini Bus,BUS,"Small-capacity bus used for passenger, staff, school or feeder services.",ELECTRIC,PASSENGER,ACTIVE,2026-09-13 10:27:58.845,2026-09-14 05:55:00.385
7eddb142-07d9-4e8d-a592-571071bbc640,2e583f12-ac52-4a89-9d90-4d9a432bd055,BUS,Bus,OMNI_BUS_CNG,Omni Bus,BUS,Omnibus-type passenger vehicle used for private or commercial passenger transport.,CNG,PASSENGER,ACTIVE,2026-09-13 10:27:58.749,2026-09-14 05:55:00.389
aad47de1-f2a3-4c35-ac26-f812d256c796,2e583f12-ac52-4a89-9d90-4d9a432bd055,BUS,Bus,OMNI_BUS_DIESEL,Omni Bus,BUS,Omnibus-type passenger vehicle used for private or commercial passenger transport.,DIESEL,PASSENGER,ACTIVE,2026-09-13 10:27:58.734,2026-09-14 05:55:00.388
78f3faf0-0534-42fb-a0b3-a4d8de90c027,2e583f12-ac52-4a89-9d90-4d9a432bd055,BUS,Bus,OMNI_BUS_ELECTRIC,Omni Bus,BUS,Omnibus-type passenger vehicle used for private or commercial passenger transport.,ELECTRIC,PASSENGER,ACTIVE,2026-09-13 10:27:58.81,2026-09-14 05:55:00.391
342aa99f-98c4-429d-88f4-4dfe3df1b4a3,2e583f12-ac52-4a89-9d90-4d9a432bd055,BUS,Bus,SCHOOL_BUS_CNG,School Bus,BUS,Bus configured and operated for transportation of school students.,CNG,SCHOOL_TRANSPORT,ACTIVE,2026-09-13 10:27:58.609,2026-09-14 05:55:00.426
5ed83cd3-59a6-48b2-9ba0-0289048b01d3,2e583f12-ac52-4a89-9d90-4d9a432bd055,BUS,Bus,SCHOOL_BUS_DIESEL,School Bus,BUS,Bus configured and operated for transportation of school students.,DIESEL,SCHOOL_TRANSPORT,ACTIVE,2026-09-13 10:27:58.611,2026-09-14 05:55:00.414
fcb0ddda-d46c-43f0-be3b-a0bd0dad1093,2e583f12-ac52-4a89-9d90-4d9a432bd055,BUS,Bus,SCHOOL_BUS_ELECTRIC,School Bus,BUS,Bus configured and operated for transportation of school students.,ELECTRIC,SCHOOL_TRANSPORT,ACTIVE,2026-09-13 10:27:58.609,2026-09-14 05:55:00.433
a400a5fa-4881-4c7a-8c4f-7111e998e0e6,2e583f12-ac52-4a89-9d90-4d9a432bd055,BUS,Bus,SLEEPER_BUS_CNG,Sleeper Bus,BUS,Long-distance bus fitted with sleeper berths.,CNG,PUBLIC_TRANSPORT,ACTIVE,2026-09-13 10:27:58.878,2026-09-14 05:55:00.394
8947f856-4ac6-4922-b086-14a391fa7935,2e583f12-ac52-4a89-9d90-4d9a432bd055,BUS,Bus,SLEEPER_BUS_DIESEL,Sleeper Bus,BUS,Long-distance bus fitted with sleeper berths.,DIESEL,PUBLIC_TRANSPORT,ACTIVE,2026-09-13 10:27:58.847,2026-09-14 05:55:00.393
922428d7-4a0a-4e7f-9d43-2712b62a6822,2e583f12-ac52-4a89-9d90-4d9a432bd055,BUS,Bus,SLEEPER_BUS_ELECTRIC,Sleeper Bus,BUS,Long-distance bus fitted with sleeper berths.,ELECTRIC,PUBLIC_TRANSPORT,ACTIVE,2026-09-13 10:27:58.613,2026-09-14 05:55:00.394
724aab67-809b-41f7-b226-fa304852e09e,2e583f12-ac52-4a89-9d90-4d9a432bd055,BUS,Bus,STAFF_BUS_CNG,Staff Bus,BUS,Bus used for employee and corporate staff transportation.,CNG,STAFF_TRANSPORT,ACTIVE,2026-09-13 10:27:58.611,2026-09-14 05:55:00.452
3fbb0127-6f11-4226-ba6a-7ccec4587bde,2e583f12-ac52-4a89-9d90-4d9a432bd055,BUS,Bus,STAFF_BUS_DIESEL,Staff Bus,BUS,Bus used for employee and corporate staff transportation.,DIESEL,STAFF_TRANSPORT,ACTIVE,2026-09-13 10:27:58.611,2026-09-14 05:55:00.438
b5604e6d-8a75-49af-a1e2-c55ec999fe0c,2e583f12-ac52-4a89-9d90-4d9a432bd055,BUS,Bus,STAFF_BUS_ELECTRIC,Staff Bus,BUS,Bus used for employee and corporate staff transportation.,ELECTRIC,STAFF_TRANSPORT,ACTIVE,2026-09-13 10:27:58.625,2026-09-14 05:55:00.458
ebea1a9f-f8e2-4151-b6cd-2272169ac665,c3235e2e-7ef0-4616-ba69-2970539d36bb,TRUCK,Truck,ARTICULATED_TRUCK_CNG,Articulated Truck,ARTICULATED,Articulated commercial vehicle consisting of tractor unit and semi-trailer.,CNG,GOODS,ACTIVE,2026-09-13 10:27:58.654,2026-09-14 05:55:00.422
dcbaf8ab-b063-4be9-a13b-5f84fdb305e0,c3235e2e-7ef0-4616-ba69-2970539d36bb,TRUCK,Truck,ARTICULATED_TRUCK_DIESEL,Articulated Truck,ARTICULATED,Articulated commercial vehicle consisting of tractor unit and semi-trailer.,DIESEL,GOODS,ACTIVE,2026-09-13 10:27:58.652,2026-09-14 05:55:00.414
9b2fcc8e-52e5-4bd8-bf93-8bf04acfc1e3,c3235e2e-7ef0-4616-ba69-2970539d36bb,TRUCK,Truck,ARTICULATED_TRUCK_ELECTRIC,Articulated Truck,ARTICULATED,Articulated commercial vehicle consisting of tractor unit and semi-trailer.,ELECTRIC,GOODS,ACTIVE,2026-09-13 10:27:58.654,2026-09-14 05:55:00.418
54561de2-ec90-4c37-9138-b93f3c59016b,c3235e2e-7ef0-4616-ba69-2970539d36bb,TRUCK,Truck,ARTICULATED_TRUCK_HYDROGEN,Articulated Truck,ARTICULATED,Articulated commercial vehicle consisting of tractor unit and semi-trailer.,HYDROGEN,GOODS,ACTIVE,2026-09-13 10:27:58.664,2026-09-14 05:55:00.419
f986e0cd-19c7-4a86-aeb3-9148b21dd723,c3235e2e-7ef0-4616-ba69-2970539d36bb,TRUCK,Truck,CONTAINER_TRUCK_CNG,Container Truck,CONTAINER,Truck configured for ISO container and line-haul freight movement.,CNG,GOODS,ACTIVE,2026-09-13 10:27:58.886,2026-09-14 05:55:00.416
3644983e-b944-47f0-acaa-de8f3ce24f38,c3235e2e-7ef0-4616-ba69-2970539d36bb,TRUCK,Truck,CONTAINER_TRUCK_DIESEL,Container Truck,CONTAINER,Truck configured for ISO container and line-haul freight movement.,DIESEL,GOODS,ACTIVE,2026-09-13 10:27:58.878,2026-09-14 05:55:00.414
a5932242-e2ba-45cb-9a67-a3f110928c74,c3235e2e-7ef0-4616-ba69-2970539d36bb,TRUCK,Truck,CONTAINER_TRUCK_ELECTRIC,Container Truck,CONTAINER,Truck configured for ISO container and line-haul freight movement.,ELECTRIC,GOODS,ACTIVE,2026-09-13 10:27:58.889,2026-09-14 05:55:00.414
7f9c3b86-0bb8-432d-87df-9f8a568cdff0,c3235e2e-7ef0-4616-ba69-2970539d36bb,TRUCK,Truck,GOODS_CARRIER_CNG,Goods Carrier,GOODS_CARRIER,General-purpose commercial goods carrier.,CNG,GOODS,ACTIVE,2026-09-13 10:27:58.648,2026-09-14 05:55:00.407
6c54ea45-135d-4b20-8ce5-b662dab47534,c3235e2e-7ef0-4616-ba69-2970539d36bb,TRUCK,Truck,GOODS_CARRIER_DIESEL,Goods Carrier,GOODS_CARRIER,General-purpose commercial goods carrier.,DIESEL,GOODS,ACTIVE,2026-09-13 10:27:58.637,2026-09-14 05:55:00.407
07e8e7fe-1ee4-4f9d-9521-e47635be255c,c3235e2e-7ef0-4616-ba69-2970539d36bb,TRUCK,Truck,GOODS_CARRIER_ELECTRIC,Goods Carrier,GOODS_CARRIER,General-purpose commercial goods carrier.,ELECTRIC,GOODS,ACTIVE,2026-09-13 10:27:58.655,2026-09-14 05:55:00.407
4ecca25e-6bf1-4d77-bb06-b89861a97ef9,c3235e2e-7ef0-4616-ba69-2970539d36bb,TRUCK,Truck,GOODS_CARRIER_PETROL,Goods Carrier,GOODS_CARRIER,General-purpose commercial goods carrier.,PETROL,GOODS,ACTIVE,2026-09-13 10:27:58.649,2026-09-14 05:55:00.41
5599f0a5-ec11-4c5d-aed6-262cd8e63ffb,c3235e2e-7ef0-4616-ba69-2970539d36bb,TRUCK,Truck,HEAVY_TRUCK_CNG,Heavy Truck,HEAVY_GOODS,Heavy commercial truck for long-haul and high-payload freight.,CNG,GOODS,ACTIVE,2026-09-13 10:27:58.637,2026-09-14 05:55:00.4
e40d8491-6739-4b62-8211-4b8e29c5c64f,c3235e2e-7ef0-4616-ba69-2970539d36bb,TRUCK,Truck,HEAVY_TRUCK_DIESEL,Heavy Truck,HEAVY_GOODS,Heavy commercial truck for long-haul and high-payload freight.,DIESEL,GOODS,ACTIVE,2026-09-13 10:27:58.632,2026-09-14 05:55:00.402
fcfb5f27-1fe3-4631-9d4c-75ce5776710f,c3235e2e-7ef0-4616-ba69-2970539d36bb,TRUCK,Truck,HEAVY_TRUCK_ELECTRIC,Heavy Truck,HEAVY_GOODS,Heavy commercial truck for long-haul and high-payload freight.,ELECTRIC,GOODS,ACTIVE,2026-09-13 10:27:58.646,2026-09-14 05:55:00.401
1d6a223f-8478-4b74-a81d-9946a939876d,c3235e2e-7ef0-4616-ba69-2970539d36bb,TRUCK,Truck,HEAVY_TRUCK_HYDROGEN,Heavy Truck,HEAVY_GOODS,Heavy commercial truck for long-haul and high-payload freight.,HYDROGEN,GOODS,ACTIVE,2026-09-13 10:27:58.648,2026-09-14 05:55:00.403
2420982d-6879-4c63-88fc-f251e86f897b,c3235e2e-7ef0-4616-ba69-2970539d36bb,TRUCK,Truck,LIGHT_TRUCK_CNG,Light Truck,LIGHT_GOODS,Light goods vehicle used for regional and urban freight.,CNG,GOODS,ACTIVE,2026-09-13 10:27:58.619,2026-09-14 05:55:00.4
5fa86f06-9c2a-416d-9493-002a95b28d04,c3235e2e-7ef0-4616-ba69-2970539d36bb,TRUCK,Truck,LIGHT_TRUCK_DIESEL,Light Truck,LIGHT_GOODS,Light goods vehicle used for regional and urban freight.,DIESEL,GOODS,ACTIVE,2026-09-13 10:27:58.619,2026-09-14 05:55:00.397
5f5dbca7-b95e-4b1c-ac2c-b7230bef58db,c3235e2e-7ef0-4616-ba69-2970539d36bb,TRUCK,Truck,LIGHT_TRUCK_ELECTRIC,Light Truck,LIGHT_GOODS,Light goods vehicle used for regional and urban freight.,ELECTRIC,GOODS,ACTIVE,2026-09-13 10:27:58.625,2026-09-14 05:55:00.4
b05fcc92-1c7a-4b77-983e-bd3714a98ca3,c3235e2e-7ef0-4616-ba69-2970539d36bb,TRUCK,Truck,MEDIUM_TRUCK_CNG,Medium Truck,MEDIUM_GOODS,Medium-duty goods vehicle for regional freight operations.,CNG,GOODS,ACTIVE,2026-09-13 10:27:58.625,2026-09-14 05:55:00.403
c77e3de2-96ff-485a-86e4-0008797d7c46,c3235e2e-7ef0-4616-ba69-2970539d36bb,TRUCK,Truck,MEDIUM_TRUCK_DIESEL,Medium Truck,MEDIUM_GOODS,Medium-duty goods vehicle for regional freight operations.,DIESEL,GOODS,ACTIVE,2026-09-13 10:27:58.629,2026-09-14 05:55:00.402
10342525-0e54-46b3-a011-eb60581532bd,c3235e2e-7ef0-4616-ba69-2970539d36bb,TRUCK,Truck,MEDIUM_TRUCK_ELECTRIC,Medium Truck,MEDIUM_GOODS,Medium-duty goods vehicle for regional freight operations.,ELECTRIC,GOODS,ACTIVE,2026-09-13 10:27:58.633,2026-09-14 05:55:00.403
73db9576-1ac4-47cb-8087-3e0fce51e424,c3235e2e-7ef0-4616-ba69-2970539d36bb,TRUCK,Truck,MINI_TRUCK_CNG,Mini Truck,LIGHT_GOODS,Compact goods vehicle used for city and last-mile cargo transport.,CNG,GOODS,ACTIVE,2026-09-13 10:27:58.614,2026-09-14 05:55:00.396
ba88191d-7f84-470c-aca6-1f4f2dbc1b84,c3235e2e-7ef0-4616-ba69-2970539d36bb,TRUCK,Truck,MINI_TRUCK_DIESEL,Mini Truck,LIGHT_GOODS,Compact goods vehicle used for city and last-mile cargo transport.,DIESEL,GOODS,ACTIVE,2026-09-13 10:27:58.615,2026-09-14 05:55:00.395
540f3c41-346c-4887-9df4-e248a2dd1ea6,c3235e2e-7ef0-4616-ba69-2970539d36bb,TRUCK,Truck,MINI_TRUCK_ELECTRIC,Mini Truck,LIGHT_GOODS,Compact goods vehicle used for city and last-mile cargo transport.,ELECTRIC,GOODS,ACTIVE,2026-09-13 10:27:58.62,2026-09-14 05:55:00.396
fccbedaa-05ef-462e-954b-d2058a90109e,c3235e2e-7ef0-4616-ba69-2970539d36bb,TRUCK,Truck,MINI_TRUCK_PETROL,Mini Truck,LIGHT_GOODS,Compact goods vehicle used for city and last-mile cargo transport.,PETROL,GOODS,ACTIVE,2026-09-13 10:27:58.616,2026-09-14 05:55:00.396
ee41336c-d9ed-47dd-aee0-59e2ba016563,c3235e2e-7ef0-4616-ba69-2970539d36bb,TRUCK,Truck,REFRIGERATED_TRUCK_CNG,Refrigerated Truck,REEFER,Temperature-controlled truck used for cold-chain logistics.,CNG,GOODS,ACTIVE,2026-09-13 10:27:58.855,2026-09-14 05:55:00.414
dc698a74-b8d5-4bff-bc91-8d0d94e9ed36,c3235e2e-7ef0-4616-ba69-2970539d36bb,TRUCK,Truck,REFRIGERATED_TRUCK_DIESEL,Refrigerated Truck,REEFER,Temperature-controlled truck used for cold-chain logistics.,DIESEL,GOODS,ACTIVE,2026-09-13 10:27:58.843,2026-09-14 05:55:00.412
afb80f94-17db-4eb3-bac3-2851bc8acb27,c3235e2e-7ef0-4616-ba69-2970539d36bb,TRUCK,Truck,REFRIGERATED_TRUCK_ELECTRIC,Refrigerated Truck,REEFER,Temperature-controlled truck used for cold-chain logistics.,ELECTRIC,GOODS,ACTIVE,2026-09-13 10:27:58.863,2026-09-14 05:55:00.417
ba27a561-b816-4661-8504-df76f5f9b6fb,c3235e2e-7ef0-4616-ba69-2970539d36bb,TRUCK,Truck,TANKER_CNG,Tanker,TANKER,Truck fitted with a tank body for liquid or gaseous cargo.,CNG,GOODS,ACTIVE,2026-09-13 10:27:58.8,2026-09-14 05:55:00.411
c20f0090-a72c-4570-b4dd-4097e359b401,c3235e2e-7ef0-4616-ba69-2970539d36bb,TRUCK,Truck,TANKER_DIESEL,Tanker,TANKER,Truck fitted with a tank body for liquid or gaseous cargo.,DIESEL,GOODS,ACTIVE,2026-09-13 10:27:58.733,2026-09-14 05:55:00.414
af845a27-b0d7-4f5f-8aae-0c5651a168ad,c3235e2e-7ef0-4616-ba69-2970539d36bb,TRUCK,Truck,TIPPER_CNG,Tipper,TIPPER,Truck with tipping body used for bulk material transport.,CNG,CONSTRUCTION,ACTIVE,2026-09-13 10:27:58.652,2026-09-14 05:55:00.414
a246657e-4ef9-40e9-97a1-4aa5e3764bfb,c3235e2e-7ef0-4616-ba69-2970539d36bb,TRUCK,Truck,TIPPER_DIESEL,Tipper,TIPPER,Truck with tipping body used for bulk material transport.,DIESEL,CONSTRUCTION,ACTIVE,2026-09-13 10:27:58.658,2026-09-14 05:55:00.409
e14336a7-57b7-458d-a0f3-4a33b70e052a,c3235e2e-7ef0-4616-ba69-2970539d36bb,TRUCK,Truck,TIPPER_ELECTRIC,Tipper,TIPPER,Truck with tipping body used for bulk material transport.,ELECTRIC,CONSTRUCTION,ACTIVE,2026-09-13 10:27:58.67,2026-09-14 05:55:00.411
81b0d835-c0e5-4cbd-934b-850b6086cd61,a3015ee7-1155-49bc-bba3-2c6a80ae861e,TRACTOR,Tractor,AGRICULTURAL_TRACTOR_CNG,Agricultural Tractor,TRACTOR,"Tractor primarily used for agriculture, implements and farm haulage.",CNG,AGRICULTURAL,ACTIVE,2026-09-13 10:27:58.659,2026-09-14 05:55:00.423
8793346d-36e2-4bd7-be65-3dc4aed0b075,a3015ee7-1155-49bc-bba3-2c6a80ae861e,TRACTOR,Tractor,AGRICULTURAL_TRACTOR_DIESEL,Agricultural Tractor,TRACTOR,"Tractor primarily used for agriculture, implements and farm haulage.",DIESEL,AGRICULTURAL,ACTIVE,2026-09-13 10:27:58.668,2026-09-14 05:55:00.422
a14c75af-8aa8-4e1a-a037-fad6fee80107,a3015ee7-1155-49bc-bba3-2c6a80ae861e,TRACTOR,Tractor,AGRICULTURAL_TRACTOR_ELECTRIC,Agricultural Tractor,TRACTOR,"Tractor primarily used for agriculture, implements and farm haulage.",ELECTRIC,AGRICULTURAL,ACTIVE,2026-09-13 10:27:58.666,2026-09-14 05:55:00.424
8b13d3de-1b18-4ccb-a1c4-4527c56ff561,a3015ee7-1155-49bc-bba3-2c6a80ae861e,TRACTOR,Tractor,COMMERCIAL_TRACTOR_CNG,Commercial Tractor,TRACTOR,Tractor registered or used for commercial haulage and non-farm applications.,CNG,GOODS,ACTIVE,2026-09-13 10:27:58.661,2026-09-14 05:55:00.422
a60b7d32-e551-481b-b2ff-e3834f5f53f3,a3015ee7-1155-49bc-bba3-2c6a80ae861e,TRACTOR,Tractor,COMMERCIAL_TRACTOR_DIESEL,Commercial Tractor,TRACTOR,Tractor registered or used for commercial haulage and non-farm applications.,DIESEL,GOODS,ACTIVE,2026-09-13 10:27:58.659,2026-09-14 05:55:00.424
e2e57d24-f7f3-485a-bf58-7afd09b5da88,a3015ee7-1155-49bc-bba3-2c6a80ae861e,TRACTOR,Tractor,COMMERCIAL_TRACTOR_ELECTRIC,Commercial Tractor,TRACTOR,Tractor registered or used for commercial haulage and non-farm applications.,ELECTRIC,GOODS,ACTIVE,2026-09-13 10:27:58.669,2026-09-14 05:55:00.425
f1416974-1b1e-4936-8a33-28ccd6783cab,a3015ee7-1155-49bc-bba3-2c6a80ae861e,TRACTOR,Tractor,HARVESTER_DIESEL,Harvester,HARVESTER,Self-propelled agricultural harvesting machine.,DIESEL,AGRICULTURAL,ACTIVE,2026-09-13 10:27:58.714,2026-09-14 05:55:00.428
a4513749-51d7-468d-9a6d-7a5eeda96fd8,a3015ee7-1155-49bc-bba3-2c6a80ae861e,TRACTOR,Tractor,POWER_TILLER_DIESEL,Power Tiller,FARM_EQUIPMENT,Walk-behind or ride-on power tiller used for agricultural operations.,DIESEL,AGRICULTURAL,ACTIVE,2026-09-13 10:27:58.668,2026-09-14 05:55:00.425
c972eb4c-f25d-49ce-bb03-3ac045fd1321,a3015ee7-1155-49bc-bba3-2c6a80ae861e,TRACTOR,Tractor,POWER_TILLER_ELECTRIC,Power Tiller,FARM_EQUIPMENT,Walk-behind or ride-on power tiller used for agricultural operations.,ELECTRIC,AGRICULTURAL,ACTIVE,2026-09-13 10:27:58.716,2026-09-14 05:55:00.426
84dd0a86-59b3-427d-bc73-7ac78a7f3e5d,a3015ee7-1155-49bc-bba3-2c6a80ae861e,TRACTOR,Tractor,POWER_TILLER_PETROL,Power Tiller,FARM_EQUIPMENT,Walk-behind or ride-on power tiller used for agricultural operations.,PETROL,AGRICULTURAL,ACTIVE,2026-09-13 10:27:58.67,2026-09-14 05:55:00.425
bebe853b-dc15-439c-8b0b-6211e8bbce28,a3015ee7-1155-49bc-bba3-2c6a80ae861e,TRACTOR,Tractor,PULLER_TRACTOR_DIESEL,Puller Tractor,HAULAGE_TRACTOR,Special tractor unit used to pull heavy trailers or modular loads.,DIESEL,GOODS,ACTIVE,2026-09-13 10:27:58.67,2026-09-14 05:55:00.429
b256bef3-22b2-40e7-b2c5-3901f68c287a,3e432ca0-406f-48ef-a098-7bbd7c00c833,TRAILER,Trailer,AGRICULTURAL_TRAILER_OTHER,Agricultural Trailer,TRAILER,Towed trailer used for agricultural goods and farm operations.,OTHER,AGRICULTURAL,ACTIVE,2026-09-13 10:27:58.677,2026-09-14 05:55:00.428
d8205877-2465-4ec5-8d56-95c1551afb5f,3e432ca0-406f-48ef-a098-7bbd7c00c833,TRAILER,Trailer,AUXILIARY_TRAILER_OTHER,Auxiliary Trailer,TRAILER,Auxiliary towed vehicle used with another motor vehicle.,OTHER,GOODS,ACTIVE,2026-09-13 10:27:58.722,2026-09-14 05:55:00.429
9f71a64b-574b-4d6a-9c94-fc99ccf469a4,3e432ca0-406f-48ef-a098-7bbd7c00c833,TRAILER,Trailer,COMMERCIAL_TRAILER_OTHER,Commercial Trailer,TRAILER,Towed commercial trailer used for freight and goods movement.,OTHER,GOODS,ACTIVE,2026-09-13 10:27:58.727,2026-09-14 05:55:00.43
b2ddbf3b-5454-49bc-be17-2991df48be9f,3e432ca0-406f-48ef-a098-7bbd7c00c833,TRAILER,Trailer,MODULAR_HYDRAULIC_TRAILER_OTHER,Modular Hydraulic Trailer,HEAVY_HAUL_TRAILER,Hydraulic modular trailer used for oversized and heavy project cargo.,OTHER,GOODS,ACTIVE,2026-09-13 10:27:58.717,2026-09-14 05:55:00.429
62350739-f9a0-4a1c-bf35-08640da58710,3e432ca0-406f-48ef-a098-7bbd7c00c833,TRAILER,Trailer,PERSONAL_TRAILER_OTHER,Trailer for Personal Use,TRAILER,Small trailer used for non-commercial personal purposes.,OTHER,PRIVATE,ACTIVE,2026-09-13 10:27:58.717,2026-09-14 05:55:00.43
27369123-0c43-45af-86ad-28fab692ad98,3e432ca0-406f-48ef-a098-7bbd7c00c833,TRAILER,Trailer,SEMI_TRAILER_OTHER,Semi-Trailer,TRAILER,Trailer whose load is partly supported by a tractor unit.,OTHER,GOODS,ACTIVE,2026-09-13 10:27:58.713,2026-09-14 05:55:00.431
b4596ac0-95ae-4156-8aab-83d06a0183ec,1c7f3da2-d827-45de-80dd-c6a3ad67bcfe,CEV,Construction Equipment Vehicle,BACKHOE_LOADER_DIESEL,Backhoe Loader,EARTH_MOVING,Construction machine combining front loader and rear excavator functions.,DIESEL,CONSTRUCTION,ACTIVE,2026-09-13 10:27:58.724,2026-09-14 05:55:00.43
e7ff5bdd-4291-4c94-b24e-58e64bbb296d,1c7f3da2-d827-45de-80dd-c6a3ad67bcfe,CEV,Construction Equipment Vehicle,BACKHOE_LOADER_ELECTRIC,Backhoe Loader,EARTH_MOVING,Construction machine combining front loader and rear excavator functions.,ELECTRIC,CONSTRUCTION,ACTIVE,2026-09-13 10:27:58.717,2026-09-14 05:55:00.433
16e326b9-b3ad-48c0-a13e-c9a5ae87fa76,1c7f3da2-d827-45de-80dd-c6a3ad67bcfe,CEV,Construction Equipment Vehicle,BULLDOZER_DIESEL,Bulldozer,EARTH_MOVING,Tracked or wheeled dozer used for pushing and grading earth.,DIESEL,CONSTRUCTION,ACTIVE,2026-09-13 10:27:58.745,2026-09-14 05:55:00.432
a01bd69b-aad9-4339-9837-6b5ef5d6a8e6,1c7f3da2-d827-45de-80dd-c6a3ad67bcfe,CEV,Construction Equipment Vehicle,BULLDOZER_ELECTRIC,Bulldozer,EARTH_MOVING,Tracked or wheeled dozer used for pushing and grading earth.,ELECTRIC,CONSTRUCTION,ACTIVE,2026-09-13 10:27:58.733,2026-09-14 05:55:00.434
81ef911f-ac66-4918-86b9-23d8ec969514,1c7f3da2-d827-45de-80dd-c6a3ad67bcfe,CEV,Construction Equipment Vehicle,CONCRETE_MIXER_CNG,Concrete Mixer,ROAD_EQUIPMENT,Self-propelled or truck-based equipment used to mix and transport concrete.,CNG,CONSTRUCTION,ACTIVE,2026-09-13 10:27:58.877,2026-09-14 05:55:00.457
874e4908-bb9b-4561-9d66-fbc8b90052c6,1c7f3da2-d827-45de-80dd-c6a3ad67bcfe,CEV,Construction Equipment Vehicle,CONCRETE_MIXER_DIESEL,Concrete Mixer,ROAD_EQUIPMENT,Self-propelled or truck-based equipment used to mix and transport concrete.,DIESEL,CONSTRUCTION,ACTIVE,2026-09-13 10:27:58.857,2026-09-14 05:55:00.453
4de2ce9a-7624-4b86-b017-8e14106cdb0b,1c7f3da2-d827-45de-80dd-c6a3ad67bcfe,CEV,Construction Equipment Vehicle,CONCRETE_MIXER_ELECTRIC,Concrete Mixer,ROAD_EQUIPMENT,Self-propelled or truck-based equipment used to mix and transport concrete.,ELECTRIC,CONSTRUCTION,ACTIVE,2026-09-13 10:27:58.885,2026-09-14 05:55:00.474
9ab72910-c479-4896-9bdc-c1d486f945e6,1c7f3da2-d827-45de-80dd-c6a3ad67bcfe,CEV,Construction Equipment Vehicle,CRANE_MOUNTED_VEHICLE_CNG,Crane Mounted Vehicle,LIFTING_EQUIPMENT,Road vehicle fitted with a crane for lifting and material handling.,CNG,CONSTRUCTION,ACTIVE,2026-09-13 10:27:58.739,2026-09-14 05:55:00.436
d663db77-7905-4824-a025-bd15cbf5b678,1c7f3da2-d827-45de-80dd-c6a3ad67bcfe,CEV,Construction Equipment Vehicle,CRANE_MOUNTED_VEHICLE_DIESEL,Crane Mounted Vehicle,LIFTING_EQUIPMENT,Road vehicle fitted with a crane for lifting and material handling.,DIESEL,CONSTRUCTION,ACTIVE,2026-09-13 10:27:58.745,2026-09-14 05:55:00.483
c5906708-e9ad-45af-acc5-a36867b33e25,1c7f3da2-d827-45de-80dd-c6a3ad67bcfe,CEV,Construction Equipment Vehicle,CRANE_MOUNTED_VEHICLE_ELECTRIC,Crane Mounted Vehicle,LIFTING_EQUIPMENT,Road vehicle fitted with a crane for lifting and material handling.,ELECTRIC,CONSTRUCTION,ACTIVE,2026-09-13 10:27:58.739,2026-09-14 05:55:00.434
20b616f2-f227-433a-8d59-300cc1f13e87,1c7f3da2-d827-45de-80dd-c6a3ad67bcfe,CEV,Construction Equipment Vehicle,DUMPER_DIESEL,Dumper,EARTH_MOVING,Construction/mining dumper used for bulk material movement at worksites.,DIESEL,CONSTRUCTION,ACTIVE,2026-09-13 10:27:58.735,2026-09-14 05:55:00.435
e6d9191d-e303-4e63-80d5-9dd3055a4e29,1c7f3da2-d827-45de-80dd-c6a3ad67bcfe,CEV,Construction Equipment Vehicle,DUMPER_ELECTRIC,Dumper,EARTH_MOVING,Construction/mining dumper used for bulk material movement at worksites.,ELECTRIC,CONSTRUCTION,ACTIVE,2026-09-13 10:27:58.736,2026-09-14 05:55:00.444
2266f259-62af-40e0-8e60-3645e9072d1b,1c7f3da2-d827-45de-80dd-c6a3ad67bcfe,CEV,Construction Equipment Vehicle,EARTH_MOVING_EQUIPMENT_DIESEL,Earth Moving Equipment,EARTH_MOVING,Other self-propelled construction equipment used for earth-moving operations.,DIESEL,CONSTRUCTION,ACTIVE,2026-09-13 10:27:58.763,2026-09-14 05:55:00.438
fecf483f-2dcb-4c35-a0d5-ed80c87777c4,1c7f3da2-d827-45de-80dd-c6a3ad67bcfe,CEV,Construction Equipment Vehicle,EARTH_MOVING_EQUIPMENT_ELECTRIC,Earth Moving Equipment,EARTH_MOVING,Other self-propelled construction equipment used for earth-moving operations.,ELECTRIC,CONSTRUCTION,ACTIVE,2026-09-13 10:27:58.765,2026-09-14 05:55:00.442
2ad6f675-f585-4eec-a2a8-19b5a748d127,1c7f3da2-d827-45de-80dd-c6a3ad67bcfe,CEV,Construction Equipment Vehicle,EXCAVATOR_DIESEL,Excavator,EARTH_MOVING,Construction equipment used for excavation and earth moving.,DIESEL,CONSTRUCTION,ACTIVE,2026-09-13 10:27:58.72,2026-09-14 05:55:00.429
d7d88981-6b9d-45fb-8268-3b30016299db,1c7f3da2-d827-45de-80dd-c6a3ad67bcfe,CEV,Construction Equipment Vehicle,EXCAVATOR_ELECTRIC,Excavator,EARTH_MOVING,Construction equipment used for excavation and earth moving.,ELECTRIC,CONSTRUCTION,ACTIVE,2026-09-13 10:27:58.729,2026-09-14 05:55:00.432
2269e49d-fe42-4c4c-95a9-3a47a4aca771,1c7f3da2-d827-45de-80dd-c6a3ad67bcfe,CEV,Construction Equipment Vehicle,FORKLIFT_CNG,Forklift,MATERIAL_HANDLING,Industrial lift truck used for handling pallets and materials.,CNG,INDUSTRIAL,ACTIVE,2026-09-13 10:27:58.842,2026-09-14 05:55:00.438
f1e34e38-2cef-4e1f-a27b-4a18405a3093,1c7f3da2-d827-45de-80dd-c6a3ad67bcfe,CEV,Construction Equipment Vehicle,FORKLIFT_DIESEL,Forklift,MATERIAL_HANDLING,Industrial lift truck used for handling pallets and materials.,DIESEL,INDUSTRIAL,ACTIVE,2026-09-13 10:27:58.767,2026-09-14 05:55:00.436
4761533a-b134-41b7-920e-fa9f8048ffd0,1c7f3da2-d827-45de-80dd-c6a3ad67bcfe,CEV,Construction Equipment Vehicle,FORKLIFT_ELECTRIC,Forklift,MATERIAL_HANDLING,Industrial lift truck used for handling pallets and materials.,ELECTRIC,INDUSTRIAL,ACTIVE,2026-09-13 10:27:58.854,2026-09-14 05:55:00.438
62f118fb-df0d-4eb5-8aa6-2b3b1a184dd5,1c7f3da2-d827-45de-80dd-c6a3ad67bcfe,CEV,Construction Equipment Vehicle,FORKLIFT_LPG,Forklift,MATERIAL_HANDLING,Industrial lift truck used for handling pallets and materials.,LPG,INDUSTRIAL,ACTIVE,2026-09-13 10:27:58.805,2026-09-14 05:55:00.438
f331335d-1e9a-4ec1-9cfd-9742fa78846e,1c7f3da2-d827-45de-80dd-c6a3ad67bcfe,CEV,Construction Equipment Vehicle,MOBILE_CRANE_DIESEL,Mobile Crane,LIFTING_EQUIPMENT,Self-propelled mobile crane used for lifting and construction operations.,DIESEL,CONSTRUCTION,ACTIVE,2026-09-13 10:27:58.737,2026-09-14 05:55:00.478
39ddaf62-05ec-4c1f-be70-7a5e13baff44,1c7f3da2-d827-45de-80dd-c6a3ad67bcfe,CEV,Construction Equipment Vehicle,MOBILE_CRANE_ELECTRIC,Mobile Crane,LIFTING_EQUIPMENT,Self-propelled mobile crane used for lifting and construction operations.,ELECTRIC,CONSTRUCTION,ACTIVE,2026-09-13 10:27:58.739,2026-09-14 05:55:00.48
1691ff17-6888-4451-b0df-c97a6cd55719,1c7f3da2-d827-45de-80dd-c6a3ad67bcfe,CEV,Construction Equipment Vehicle,MOTOR_GRADER_DIESEL,Motor Grader,ROAD_EQUIPMENT,Road construction machine used for grading and leveling surfaces.,DIESEL,CONSTRUCTION,ACTIVE,2026-09-13 10:27:58.737,2026-09-14 05:55:00.47
0817dd10-5b27-40a3-88f5-28e22b0181ae,1c7f3da2-d827-45de-80dd-c6a3ad67bcfe,CEV,Construction Equipment Vehicle,PAVER_DIESEL,Paver,ROAD_EQUIPMENT,Road construction equipment used for laying asphalt or concrete pavement.,DIESEL,CONSTRUCTION,ACTIVE,2026-09-13 10:27:58.747,2026-09-14 05:55:00.478
e047e9ad-f512-41f5-9807-06050cd4ea15,1c7f3da2-d827-45de-80dd-c6a3ad67bcfe,CEV,Construction Equipment Vehicle,PILE_BORING_MACHINE_DIESEL,Pile Boring Machine,DRILLING_EQUIPMENT,Construction equipment used for foundation pile drilling and boring.,DIESEL,CONSTRUCTION,ACTIVE,2026-09-13 10:27:58.753,2026-09-14 05:55:00.483
68e454a2-1c52-43a2-95ee-48417f2b7410,1c7f3da2-d827-45de-80dd-c6a3ad67bcfe,CEV,Construction Equipment Vehicle,ROAD_ROLLER_DIESEL,Road Roller,ROAD_EQUIPMENT,Compaction vehicle used for road and infrastructure construction.,DIESEL,CONSTRUCTION,ACTIVE,2026-09-13 10:27:58.753,2026-09-14 05:55:00.452
3a80e89f-3761-4650-8cec-0ee80a02d107,1c7f3da2-d827-45de-80dd-c6a3ad67bcfe,CEV,Construction Equipment Vehicle,ROAD_ROLLER_ELECTRIC,Road Roller,ROAD_EQUIPMENT,Compaction vehicle used for road and infrastructure construction.,ELECTRIC,CONSTRUCTION,ACTIVE,2026-09-13 10:27:58.736,2026-09-14 05:55:00.461
9d48bc91-8a66-4d2a-91d7-0b9316f236b6,1c7f3da2-d827-45de-80dd-c6a3ad67bcfe,CEV,Construction Equipment Vehicle,TRENCHER_DIESEL,Trencher,EARTH_MOVING,Construction equipment used to excavate trenches.,DIESEL,CONSTRUCTION,ACTIVE,2026-09-13 10:27:58.747,2026-09-14 05:55:00.48
a7a79100-22a4-4630-9bec-4d0135370108,1c7f3da2-d827-45de-80dd-c6a3ad67bcfe,CEV,Construction Equipment Vehicle,TRENCHER_ELECTRIC,Trencher,EARTH_MOVING,Construction equipment used to excavate trenches.,ELECTRIC,CONSTRUCTION,ACTIVE,2026-09-13 10:27:58.762,2026-09-14 05:55:00.435
6d2f77aa-42b0-44eb-bd13-068436712287,1c7f3da2-d827-45de-80dd-c6a3ad67bcfe,CEV,Construction Equipment Vehicle,WHEEL_LOADER_DIESEL,Wheel Loader,EARTH_MOVING,Loader used for material loading and earth-moving operations.,DIESEL,CONSTRUCTION,ACTIVE,2026-09-13 10:27:58.729,2026-09-14 05:55:00.434
297855e1-7320-4e12-a755-f9989be03e4a,1c7f3da2-d827-45de-80dd-c6a3ad67bcfe,CEV,Construction Equipment Vehicle,WHEEL_LOADER_ELECTRIC,Wheel Loader,EARTH_MOVING,Loader used for material loading and earth-moving operations.,ELECTRIC,CONSTRUCTION,ACTIVE,2026-09-13 10:27:58.73,2026-09-14 05:55:00.434
bcdc8d1f-2231-4b89-902e-76d6882ed44a,7a2d45a5-7710-41cc-befd-b716d8b2c3a0,SPV,Special Purpose Vehicle,AMBULANCE_CNG,Ambulance,EMERGENCY_VEHICLE,Road ambulance configured for emergency medical transport.,CNG,EMERGENCY,ACTIVE,2026-09-13 10:27:58.797,2026-09-14 05:55:00.452
862523dc-b308-4267-8ba8-578c61eb421b,7a2d45a5-7710-41cc-befd-b716d8b2c3a0,SPV,Special Purpose Vehicle,AMBULANCE_DIESEL,Ambulance,EMERGENCY_VEHICLE,Road ambulance configured for emergency medical transport.,DIESEL,EMERGENCY,ACTIVE,2026-09-13 10:27:58.766,2026-09-14 05:55:00.443
ef85ea0b-3d10-4834-8988-2003ccdc76df,7a2d45a5-7710-41cc-befd-b716d8b2c3a0,SPV,Special Purpose Vehicle,AMBULANCE_ELECTRIC,Ambulance,EMERGENCY_VEHICLE,Road ambulance configured for emergency medical transport.,ELECTRIC,EMERGENCY,ACTIVE,2026-09-13 10:27:58.797,2026-09-14 05:55:00.462
18a0c7e0-e220-478a-8803-d7fd02305741,7a2d45a5-7710-41cc-befd-b716d8b2c3a0,SPV,Special Purpose Vehicle,AMBULANCE_PETROL,Ambulance,EMERGENCY_VEHICLE,Road ambulance configured for emergency medical transport.,PETROL,EMERGENCY,ACTIVE,2026-09-13 10:27:58.768,2026-09-14 05:55:00.443
a2f49953-dbed-4f64-a50d-fc1be5d88a9f,7a2d45a5-7710-41cc-befd-b716d8b2c3a0,SPV,Special Purpose Vehicle,ANIMAL_AMBULANCE_CNG,Animal Ambulance,EMERGENCY_VEHICLE,Special-purpose ambulance for transportation and treatment of animals.,CNG,EMERGENCY,ACTIVE,2026-09-13 10:27:58.797,2026-09-14 05:55:00.48
dca2738b-eb94-4294-bcbd-30c1ffc661e0,7a2d45a5-7710-41cc-befd-b716d8b2c3a0,SPV,Special Purpose Vehicle,ANIMAL_AMBULANCE_DIESEL,Animal Ambulance,EMERGENCY_VEHICLE,Special-purpose ambulance for transportation and treatment of animals.,DIESEL,EMERGENCY,ACTIVE,2026-09-13 10:27:58.797,2026-09-14 05:55:00.475
5026c962-b448-49d1-8b19-680a992cea1b,7a2d45a5-7710-41cc-befd-b716d8b2c3a0,SPV,Special Purpose Vehicle,ANIMAL_AMBULANCE_ELECTRIC,Animal Ambulance,EMERGENCY_VEHICLE,Special-purpose ambulance for transportation and treatment of animals.,ELECTRIC,EMERGENCY,ACTIVE,2026-09-13 10:27:58.802,2026-09-14 05:55:00.444
3958ecc4-b8e4-40d9-a070-8949916fd57c,7a2d45a5-7710-41cc-befd-b716d8b2c3a0,SPV,Special Purpose Vehicle,ANIMAL_AMBULANCE_PETROL,Animal Ambulance,EMERGENCY_VEHICLE,Special-purpose ambulance for transportation and treatment of animals.,PETROL,EMERGENCY,ACTIVE,2026-09-13 10:27:58.797,2026-09-14 05:55:00.479
2168657d-8935-4b1c-8d49-16feccca4998,7a2d45a5-7710-41cc-befd-b716d8b2c3a0,SPV,Special Purpose Vehicle,ARMOURED_VEHICLE_DIESEL,Armoured/Specialised Vehicle,SECURITY_VEHICLE,Armoured or specially protected road vehicle.,DIESEL,GOVERNMENT,ACTIVE,2026-09-13 10:27:58.875,2026-09-14 05:55:00.454
b54ab04c-559b-41fc-99d1-d3877ebbf36d,7a2d45a5-7710-41cc-befd-b716d8b2c3a0,SPV,Special Purpose Vehicle,ARMOURED_VEHICLE_ELECTRIC,Armoured/Specialised Vehicle,SECURITY_VEHICLE,Armoured or specially protected road vehicle.,ELECTRIC,GOVERNMENT,ACTIVE,2026-09-13 10:27:58.897,2026-09-14 05:55:00.463
78e69fd1-9d3d-473c-b5d6-31793f2ba3de,7a2d45a5-7710-41cc-befd-b716d8b2c3a0,SPV,Special Purpose Vehicle,ARMOURED_VEHICLE_PETROL,Armoured/Specialised Vehicle,SECURITY_VEHICLE,Armoured or specially protected road vehicle.,PETROL,GOVERNMENT,ACTIVE,2026-09-13 10:27:58.894,2026-09-14 05:55:00.457
3423363d-c0a9-4c4b-bf27-770bc3b0c595,7a2d45a5-7710-41cc-befd-b716d8b2c3a0,SPV,Special Purpose Vehicle,BREAKDOWN_VAN_CNG,Breakdown Van,RECOVERY_VEHICLE,Service van used for roadside breakdown assistance and repair.,CNG,SPECIAL_PURPOSE,ACTIVE,2026-09-13 10:27:58.884,2026-09-14 05:55:00.45
cba3cf8b-6c64-4249-a5f7-d8efe56b1fb6,7a2d45a5-7710-41cc-befd-b716d8b2c3a0,SPV,Special Purpose Vehicle,BREAKDOWN_VAN_DIESEL,Breakdown Van,RECOVERY_VEHICLE,Service van used for roadside breakdown assistance and repair.,DIESEL,SPECIAL_PURPOSE,ACTIVE,2026-09-13 10:27:58.859,2026-09-14 05:55:00.447
f4f84ccc-3036-4b60-9a21-b794ee09aa81,7a2d45a5-7710-41cc-befd-b716d8b2c3a0,SPV,Special Purpose Vehicle,BREAKDOWN_VAN_ELECTRIC,Breakdown Van,RECOVERY_VEHICLE,Service van used for roadside breakdown assistance and repair.,ELECTRIC,SPECIAL_PURPOSE,ACTIVE,2026-09-13 10:27:58.889,2026-09-14 05:55:00.45
f0df7b99-450d-44ca-a14a-1c935172b898,7a2d45a5-7710-41cc-befd-b716d8b2c3a0,SPV,Special Purpose Vehicle,CASH_VAN_CNG,Cash Van,SECURITY_VEHICLE,Armoured or secured van used to transport cash and valuables.,CNG,SPECIAL_PURPOSE,ACTIVE,2026-09-13 10:27:58.825,2026-09-14 05:55:00.452
84564928-6abe-4055-844a-b8fd8fd230dd,7a2d45a5-7710-41cc-befd-b716d8b2c3a0,SPV,Special Purpose Vehicle,CASH_VAN_DIESEL,Cash Van,SECURITY_VEHICLE,Armoured or secured van used to transport cash and valuables.,DIESEL,SPECIAL_PURPOSE,ACTIVE,2026-09-13 10:27:58.844,2026-09-14 05:55:00.453
308eff61-3125-408f-b6bc-0ed58bfef293,7a2d45a5-7710-41cc-befd-b716d8b2c3a0,SPV,Special Purpose Vehicle,CASH_VAN_ELECTRIC,Cash Van,SECURITY_VEHICLE,Armoured or secured van used to transport cash and valuables.,ELECTRIC,SPECIAL_PURPOSE,ACTIVE,2026-09-13 10:27:58.856,2026-09-14 05:55:00.454
f517a65e-4486-498a-b977-ad698a6619e6,7a2d45a5-7710-41cc-befd-b716d8b2c3a0,SPV,Special Purpose Vehicle,FIRE_FIGHTING_VEHICLE_DIESEL,Fire Fighting Vehicle,FIRE_VEHICLE,Specialized firefighting and rescue vehicle.,DIESEL,EMERGENCY,ACTIVE,2026-09-13 10:27:58.844,2026-09-14 05:55:00.445
6d32c0c0-fdeb-476b-a5ea-314c8a9920f7,7a2d45a5-7710-41cc-befd-b716d8b2c3a0,SPV,Special Purpose Vehicle,FIRE_FIGHTING_VEHICLE_ELECTRIC,Fire Fighting Vehicle,FIRE_VEHICLE,Specialized firefighting and rescue vehicle.,ELECTRIC,EMERGENCY,ACTIVE,2026-09-13 10:27:58.812,2026-09-14 05:55:00.447
46cabfa7-a203-421b-a1c3-9bb3d2381984,7a2d45a5-7710-41cc-befd-b716d8b2c3a0,SPV,Special Purpose Vehicle,FIRE_TENDER_DIESEL,Fire Tender,FIRE_VEHICLE,"Emergency firefighting vehicle carrying water, foam and firefighting equipment.",DIESEL,EMERGENCY,ACTIVE,2026-09-13 10:27:58.812,2026-09-14 05:55:00.444
8e428051-e369-47ff-960f-8689987afb0f,7a2d45a5-7710-41cc-befd-b716d8b2c3a0,SPV,Special Purpose Vehicle,FIRE_TENDER_ELECTRIC,Fire Tender,FIRE_VEHICLE,"Emergency firefighting vehicle carrying water, foam and firefighting equipment.",ELECTRIC,EMERGENCY,ACTIVE,2026-09-13 10:27:58.812,2026-09-14 05:55:00.445
91013084-27cb-406d-beee-5618040f9956,7a2d45a5-7710-41cc-befd-b716d8b2c3a0,SPV,Special Purpose Vehicle,GARBAGE_COMPACTOR_CNG,Garbage Compactor,MUNICIPAL_VEHICLE,Municipal waste-collection vehicle with compaction body.,CNG,GOVERNMENT,ACTIVE,2026-09-13 10:27:58.879,2026-09-14 05:55:00.475
a3a3f439-b8a7-40aa-a13c-35a061be725b,7a2d45a5-7710-41cc-befd-b716d8b2c3a0,SPV,Special Purpose Vehicle,GARBAGE_COMPACTOR_DIESEL,Garbage Compactor,MUNICIPAL_VEHICLE,Municipal waste-collection vehicle with compaction body.,DIESEL,GOVERNMENT,ACTIVE,2026-09-13 10:27:58.879,2026-09-14 05:55:00.475
5480890d-32a9-43a5-ba04-9e53b90ab901,7a2d45a5-7710-41cc-befd-b716d8b2c3a0,SPV,Special Purpose Vehicle,GARBAGE_COMPACTOR_ELECTRIC,Garbage Compactor,MUNICIPAL_VEHICLE,Municipal waste-collection vehicle with compaction body.,ELECTRIC,GOVERNMENT,ACTIVE,2026-09-13 10:27:58.887,2026-09-14 05:55:00.475
70a14c66-1bda-408c-bf50-d5b0e5510af6,7a2d45a5-7710-41cc-befd-b716d8b2c3a0,SPV,Special Purpose Vehicle,HEARSE_CNG,Hearse,FUNERAL_VEHICLE,Special-purpose vehicle used to transport deceased persons.,CNG,SPECIAL_PURPOSE,ACTIVE,2026-09-13 10:27:58.846,2026-09-14 05:55:00.455
f728bca1-d688-4ee0-9659-f645a01ea938,7a2d45a5-7710-41cc-befd-b716d8b2c3a0,SPV,Special Purpose Vehicle,HEARSE_DIESEL,Hearse,FUNERAL_VEHICLE,Special-purpose vehicle used to transport deceased persons.,DIESEL,SPECIAL_PURPOSE,ACTIVE,2026-09-13 10:27:58.843,2026-09-14 05:55:00.474
8baf8c9a-5897-4aed-98d9-214c33e3745f,7a2d45a5-7710-41cc-befd-b716d8b2c3a0,SPV,Special Purpose Vehicle,HEARSE_ELECTRIC,Hearse,FUNERAL_VEHICLE,Special-purpose vehicle used to transport deceased persons.,ELECTRIC,SPECIAL_PURPOSE,ACTIVE,2026-09-13 10:27:58.848,2026-09-14 05:55:00.454
419951c7-5ec8-4f4e-9749-f975e82b7d1c,7a2d45a5-7710-41cc-befd-b716d8b2c3a0,SPV,Special Purpose Vehicle,HEARSE_PETROL,Hearse,FUNERAL_VEHICLE,Special-purpose vehicle used to transport deceased persons.,PETROL,SPECIAL_PURPOSE,ACTIVE,2026-09-13 10:27:58.847,2026-09-14 05:55:00.479
d772e991-4d54-43d9-8dee-b85b900cc263,7a2d45a5-7710-41cc-befd-b716d8b2c3a0,SPV,Special Purpose Vehicle,LIBRARY_VAN_CNG,Library Van,MOBILE_SERVICE,Vehicle configured as a mobile library or education service.,CNG,GOVERNMENT,ACTIVE,2026-09-13 10:27:58.861,2026-09-14 05:55:00.466
7ef7acf2-5e25-4c15-9a08-2e9a432a1081,7a2d45a5-7710-41cc-befd-b716d8b2c3a0,SPV,Special Purpose Vehicle,LIBRARY_VAN_DIESEL,Library Van,MOBILE_SERVICE,Vehicle configured as a mobile library or education service.,DIESEL,GOVERNMENT,ACTIVE,2026-09-13 10:27:58.856,2026-09-14 05:55:00.463
8cf08d04-58b7-4885-ad14-3d200ef7b29d,7a2d45a5-7710-41cc-befd-b716d8b2c3a0,SPV,Special Purpose Vehicle,LIBRARY_VAN_ELECTRIC,Library Van,MOBILE_SERVICE,Vehicle configured as a mobile library or education service.,ELECTRIC,GOVERNMENT,ACTIVE,2026-09-13 10:27:58.857,2026-09-14 05:55:00.466
ca38f563-326f-4921-a0e7-80d2dd574a58,7a2d45a5-7710-41cc-befd-b716d8b2c3a0,SPV,Special Purpose Vehicle,MOBILE_CANTEEN_CNG,Mobile Canteen,MOBILE_SERVICE,Vehicle equipped for mobile food preparation and service.,CNG,SPECIAL_PURPOSE,ACTIVE,2026-09-13 10:27:58.854,2026-09-14 05:55:00.475
f2615edb-293e-4742-82fe-abf0dac46423,7a2d45a5-7710-41cc-befd-b716d8b2c3a0,SPV,Special Purpose Vehicle,MOBILE_CANTEEN_DIESEL,Mobile Canteen,MOBILE_SERVICE,Vehicle equipped for mobile food preparation and service.,DIESEL,SPECIAL_PURPOSE,ACTIVE,2026-09-13 10:27:58.855,2026-09-14 05:55:00.466
1023213e-4ec4-4fb7-91e4-086987b5f35d,7a2d45a5-7710-41cc-befd-b716d8b2c3a0,SPV,Special Purpose Vehicle,MOBILE_CANTEEN_ELECTRIC,Mobile Canteen,MOBILE_SERVICE,Vehicle equipped for mobile food preparation and service.,ELECTRIC,SPECIAL_PURPOSE,ACTIVE,2026-09-13 10:27:58.855,2026-09-14 05:55:00.482
24c10a0a-9b97-4666-b462-e236bcd47827,7a2d45a5-7710-41cc-befd-b716d8b2c3a0,SPV,Special Purpose Vehicle,MOBILE_CLINIC_CNG,Mobile Clinic,MOBILE_SERVICE,Vehicle equipped to provide mobile healthcare or clinical services.,CNG,SPECIAL_PURPOSE,ACTIVE,2026-09-13 10:27:58.857,2026-09-14 05:55:00.454
f9fa941c-b6c5-4921-b19f-307bcd25866b,7a2d45a5-7710-41cc-befd-b716d8b2c3a0,SPV,Special Purpose Vehicle,MOBILE_CLINIC_DIESEL,Mobile Clinic,MOBILE_SERVICE,Vehicle equipped to provide mobile healthcare or clinical services.,DIESEL,SPECIAL_PURPOSE,ACTIVE,2026-09-13 10:27:58.847,2026-09-14 05:55:00.454
a352939b-cbf4-4ec8-9a98-1cad2903ee2c,7a2d45a5-7710-41cc-befd-b716d8b2c3a0,SPV,Special Purpose Vehicle,MOBILE_CLINIC_ELECTRIC,Mobile Clinic,MOBILE_SERVICE,Vehicle equipped to provide mobile healthcare or clinical services.,ELECTRIC,SPECIAL_PURPOSE,ACTIVE,2026-09-13 10:27:58.866,2026-09-14 05:55:00.458
1b2702b6-1d1f-4f6f-b4d9-3d0b1efd978b,7a2d45a5-7710-41cc-befd-b716d8b2c3a0,SPV,Special Purpose Vehicle,MOBILE_WORKSHOP_CNG,Mobile Workshop,MOBILE_SERVICE,Vehicle equipped as a mobile repair and maintenance workshop.,CNG,SPECIAL_PURPOSE,ACTIVE,2026-09-13 10:27:58.851,2026-09-14 05:55:00.465
8e438443-38a8-4f8b-a5f5-a4856fd4dbc3,7a2d45a5-7710-41cc-befd-b716d8b2c3a0,SPV,Special Purpose Vehicle,MOBILE_WORKSHOP_DIESEL,Mobile Workshop,MOBILE_SERVICE,Vehicle equipped as a mobile repair and maintenance workshop.,DIESEL,SPECIAL_PURPOSE,ACTIVE,2026-09-13 10:27:58.852,2026-09-14 05:55:00.463
d07efe2c-6cfc-4705-906b-58865e8df41e,7a2d45a5-7710-41cc-befd-b716d8b2c3a0,SPV,Special Purpose Vehicle,MOBILE_WORKSHOP_ELECTRIC,Mobile Workshop,MOBILE_SERVICE,Vehicle equipped as a mobile repair and maintenance workshop.,ELECTRIC,SPECIAL_PURPOSE,ACTIVE,2026-09-13 10:27:58.868,2026-09-14 05:55:00.464
378651b2-398f-40f5-b74e-1e7da91dca5d,7a2d45a5-7710-41cc-befd-b716d8b2c3a0,SPV,Special Purpose Vehicle,RECOVERY_VEHICLE_CNG,Recovery Vehicle,RECOVERY_VEHICLE,"Vehicle used to recover disabled, damaged or stranded vehicles.",CNG,SPECIAL_PURPOSE,ACTIVE,2026-09-13 10:27:58.843,2026-09-14 05:55:00.449
64c5265d-f94e-4119-af5a-c521744c4e87,7a2d45a5-7710-41cc-befd-b716d8b2c3a0,SPV,Special Purpose Vehicle,RECOVERY_VEHICLE_DIESEL,Recovery Vehicle,RECOVERY_VEHICLE,"Vehicle used to recover disabled, damaged or stranded vehicles.",DIESEL,SPECIAL_PURPOSE,ACTIVE,2026-09-13 10:27:58.813,2026-09-14 05:55:00.447
47feb5e0-6087-4237-a309-2022e8619601,7a2d45a5-7710-41cc-befd-b716d8b2c3a0,SPV,Special Purpose Vehicle,RECOVERY_VEHICLE_ELECTRIC,Recovery Vehicle,RECOVERY_VEHICLE,"Vehicle used to recover disabled, damaged or stranded vehicles.",ELECTRIC,SPECIAL_PURPOSE,ACTIVE,2026-09-13 10:27:58.854,2026-09-14 05:55:00.447
9fc98185-fa67-4bf5-ab2b-40823161f5d7,7a2d45a5-7710-41cc-befd-b716d8b2c3a0,SPV,Special Purpose Vehicle,ROAD_SWEEPER_CNG,Road Sweeper,MUNICIPAL_VEHICLE,Municipal road-cleaning and sweeping vehicle.,CNG,GOVERNMENT,ACTIVE,2026-09-13 10:27:58.873,2026-09-14 05:55:00.475
295e2954-8a77-4b2c-ad01-b7f7b72c1f99,7a2d45a5-7710-41cc-befd-b716d8b2c3a0,SPV,Special Purpose Vehicle,ROAD_SWEEPER_DIESEL,Road Sweeper,MUNICIPAL_VEHICLE,Municipal road-cleaning and sweeping vehicle.,DIESEL,GOVERNMENT,ACTIVE,2026-09-13 10:27:58.873,2026-09-14 05:55:00.47
9fd07279-46d2-4749-973b-16ac257b4c1b,7a2d45a5-7710-41cc-befd-b716d8b2c3a0,SPV,Special Purpose Vehicle,ROAD_SWEEPER_ELECTRIC,Road Sweeper,MUNICIPAL_VEHICLE,Municipal road-cleaning and sweeping vehicle.,ELECTRIC,GOVERNMENT,ACTIVE,2026-09-13 10:27:58.871,2026-09-14 05:55:00.47
ff358fe6-719d-4e80-8db5-7225b65cc1ba,7a2d45a5-7710-41cc-befd-b716d8b2c3a0,SPV,Special Purpose Vehicle,SEWER_CLEANING_VEHICLE_CNG,Sewer Cleaning Vehicle,MUNICIPAL_VEHICLE,"Vehicle equipped for sewer suction, jetting and sanitation operations.",CNG,GOVERNMENT,ACTIVE,2026-09-13 10:27:58.874,2026-09-14 05:55:00.47
654c403c-bb2a-4b95-a3fb-1814c7ec03ee,7a2d45a5-7710-41cc-befd-b716d8b2c3a0,SPV,Special Purpose Vehicle,SEWER_CLEANING_VEHICLE_DIESEL,Sewer Cleaning Vehicle,MUNICIPAL_VEHICLE,"Vehicle equipped for sewer suction, jetting and sanitation operations.",DIESEL,GOVERNMENT,ACTIVE,2026-09-13 10:27:58.873,2026-09-14 05:55:00.47
cf57270f-509c-4b6c-b58b-77188cca5a29,7a2d45a5-7710-41cc-befd-b716d8b2c3a0,SPV,Special Purpose Vehicle,SEWER_CLEANING_VEHICLE_ELECTRIC,Sewer Cleaning Vehicle,MUNICIPAL_VEHICLE,"Vehicle equipped for sewer suction, jetting and sanitation operations.",ELECTRIC,GOVERNMENT,ACTIVE,2026-09-13 10:27:58.874,2026-09-14 05:55:00.474
2f18ae26-c35d-472a-9096-5c40d1e5ac56,7a2d45a5-7710-41cc-befd-b716d8b2c3a0,SPV,Special Purpose Vehicle,TOWER_WAGON_DIESEL,Tower Wagon,UTILITY_VEHICLE,Railway or infrastructure maintenance vehicle with elevated work equipment.,DIESEL,GOVERNMENT,ACTIVE,2026-09-13 10:27:58.859,2026-09-14 05:55:00.471
6ebd315d-8184-48a8-8807-6957930811d6,7a2d45a5-7710-41cc-befd-b716d8b2c3a0,SPV,Special Purpose Vehicle,TOWER_WAGON_ELECTRIC,Tower Wagon,UTILITY_VEHICLE,Railway or infrastructure maintenance vehicle with elevated work equipment.,ELECTRIC,GOVERNMENT,ACTIVE,2026-09-13 10:27:58.859,2026-09-14 05:55:00.479
4a5af999-5983-4c3d-8166-87060d0959cd,7a2d45a5-7710-41cc-befd-b716d8b2c3a0,SPV,Special Purpose Vehicle,TOW_TRUCK_CNG,Tow Truck,RECOVERY_VEHICLE,Vehicle designed to tow disabled or illegally parked vehicles.,CNG,SPECIAL_PURPOSE,ACTIVE,2026-09-13 10:27:58.835,2026-09-14 05:55:00.452
0db9d3f1-7fa2-45ca-90ac-62dd57cb5e0e,7a2d45a5-7710-41cc-befd-b716d8b2c3a0,SPV,Special Purpose Vehicle,TOW_TRUCK_DIESEL,Tow Truck,RECOVERY_VEHICLE,Vehicle designed to tow disabled or illegally parked vehicles.,DIESEL,SPECIAL_PURPOSE,ACTIVE,2026-09-13 10:27:58.824,2026-09-14 05:55:00.45
ae7822e6-d09a-46e5-8bd7-addf82ff3002,7a2d45a5-7710-41cc-befd-b716d8b2c3a0,SPV,Special Purpose Vehicle,TOW_TRUCK_ELECTRIC,Tow Truck,RECOVERY_VEHICLE,Vehicle designed to tow disabled or illegally parked vehicles.,ELECTRIC,SPECIAL_PURPOSE,ACTIVE,2026-09-13 10:27:58.825,2026-09-14 05:55:00.453
e5b20422-85d4-4cdf-bf76-d9ba078ecf23,7a2d45a5-7710-41cc-befd-b716d8b2c3a0,SPV,Special Purpose Vehicle,TREE_TRIMMING_VEHICLE_CNG,Tree Trimming Vehicle,UTILITY_VEHICLE,Special-purpose vehicle with aerial platform or tools for tree trimming.,CNG,GOVERNMENT,ACTIVE,2026-09-13 10:27:58.86,2026-09-14 05:55:00.465
10b1dc51-cc82-489c-a79d-cc1090f3b95f,7a2d45a5-7710-41cc-befd-b716d8b2c3a0,SPV,Special Purpose Vehicle,TREE_TRIMMING_VEHICLE_DIESEL,Tree Trimming Vehicle,UTILITY_VEHICLE,Special-purpose vehicle with aerial platform or tools for tree trimming.,DIESEL,GOVERNMENT,ACTIVE,2026-09-13 10:27:58.863,2026-09-14 05:55:00.465
010fd774-0236-45c7-8d1b-0ff7d373b6c5,7a2d45a5-7710-41cc-befd-b716d8b2c3a0,SPV,Special Purpose Vehicle,TREE_TRIMMING_VEHICLE_ELECTRIC,Tree Trimming Vehicle,UTILITY_VEHICLE,Special-purpose vehicle with aerial platform or tools for tree trimming.,ELECTRIC,GOVERNMENT,ACTIVE,2026-09-13 10:27:58.865,2026-09-14 05:55:00.469
58533e2f-538b-4e64-b8e9-a3996b04560c,7a2d45a5-7710-41cc-befd-b716d8b2c3a0,SPV,Special Purpose Vehicle,VEHICLE_WITH_COMPRESSOR_CNG,Vehicle Fitted with Compressor,EQUIPMENT_MOUNTED,Road vehicle permanently fitted with compressor equipment.,CNG,SPECIAL_PURPOSE,ACTIVE,2026-09-13 10:27:58.883,2026-09-14 05:55:00.477
9c933e2c-fd6c-4087-977d-fbe621db0a19,7a2d45a5-7710-41cc-befd-b716d8b2c3a0,SPV,Special Purpose Vehicle,VEHICLE_WITH_COMPRESSOR_DIESEL,Vehicle Fitted with Compressor,EQUIPMENT_MOUNTED,Road vehicle permanently fitted with compressor equipment.,DIESEL,SPECIAL_PURPOSE,ACTIVE,2026-09-13 10:27:58.878,2026-09-14 05:55:00.477
ee685b5a-cc7f-43bd-ab2e-570cfddd3300,7a2d45a5-7710-41cc-befd-b716d8b2c3a0,SPV,Special Purpose Vehicle,VEHICLE_WITH_COMPRESSOR_ELECTRIC,Vehicle Fitted with Compressor,EQUIPMENT_MOUNTED,Road vehicle permanently fitted with compressor equipment.,ELECTRIC,SPECIAL_PURPOSE,ACTIVE,2026-09-13 10:27:58.883,2026-09-14 05:55:00.475
bb9b0d85-0dfa-4404-9e82-4920dec47c14,7a2d45a5-7710-41cc-befd-b716d8b2c3a0,SPV,Special Purpose Vehicle,VEHICLE_WITH_GENERATOR_CNG,Vehicle Fitted with Generator,EQUIPMENT_MOUNTED,Road vehicle permanently fitted with generator equipment.,CNG,SPECIAL_PURPOSE,ACTIVE,2026-09-13 10:27:58.885,2026-09-14 05:55:00.479
a98514fc-2ec6-4a55-a232-334b6dd28f85,7a2d45a5-7710-41cc-befd-b716d8b2c3a0,SPV,Special Purpose Vehicle,VEHICLE_WITH_GENERATOR_DIESEL,Vehicle Fitted with Generator,EQUIPMENT_MOUNTED,Road vehicle permanently fitted with generator equipment.,DIESEL,SPECIAL_PURPOSE,ACTIVE,2026-09-13 10:27:58.885,2026-09-14 05:55:00.479
c09dbadf-f4a5-41dd-a978-774759e486e6,7a2d45a5-7710-41cc-befd-b716d8b2c3a0,SPV,Special Purpose Vehicle,VEHICLE_WITH_GENERATOR_ELECTRIC,Vehicle Fitted with Generator,EQUIPMENT_MOUNTED,Road vehicle permanently fitted with generator equipment.,ELECTRIC,SPECIAL_PURPOSE,ACTIVE,2026-09-13 10:27:58.885,2026-09-14 05:55:00.478
d6c138c6-778c-4c8a-8794-b54784bfd424,7a2d45a5-7710-41cc-befd-b716d8b2c3a0,SPV,Special Purpose Vehicle,VEHICLE_WITH_RIG_DIESEL,Vehicle Fitted with Rig,EQUIPMENT_MOUNTED,Road vehicle permanently fitted with drilling or service rig equipment.,DIESEL,SPECIAL_PURPOSE,ACTIVE,2026-09-13 10:27:58.889,2026-09-14 05:55:00.479
48e2b6e2-7944-43db-8fd6-664ac56cfcdd,7a2d45a5-7710-41cc-befd-b716d8b2c3a0,SPV,Special Purpose Vehicle,WATER_TANKER_CNG,Water Tanker,UTILITY_VEHICLE,"Vehicle fitted with a water tank for municipal, construction or emergency supply.",CNG,GOVERNMENT,ACTIVE,2026-09-13 10:27:58.885,2026-09-14 05:55:00.475
03c0232f-fe66-4712-9927-cf11e97f2476,7a2d45a5-7710-41cc-befd-b716d8b2c3a0,SPV,Special Purpose Vehicle,WATER_TANKER_DIESEL,Water Tanker,UTILITY_VEHICLE,"Vehicle fitted with a water tank for municipal, construction or emergency supply.",DIESEL,GOVERNMENT,ACTIVE,2026-09-13 10:27:58.878,2026-09-14 05:55:00.475
8de349e1-1f89-48b7-b856-b0ba44378c7d,7a2d45a5-7710-41cc-befd-b716d8b2c3a0,SPV,Special Purpose Vehicle,WATER_TANKER_ELECTRIC,Water Tanker,UTILITY_VEHICLE,"Vehicle fitted with a water tank for municipal, construction or emergency supply.",ELECTRIC,GOVERNMENT,ACTIVE,2026-09-13 10:27:58.879,2026-09-14 05:55:00.476
5e2a686d-e441-42d6-9351-b3cffb0a0573,7a2d45a5-7710-41cc-befd-b716d8b2c3a0,SPV,Special Purpose Vehicle,X_RAY_VAN_CNG,X-Ray Van,MOBILE_SERVICE,Mobile diagnostic vehicle equipped with X-ray facilities.,CNG,SPECIAL_PURPOSE,ACTIVE,2026-09-13 10:27:58.88,2026-09-14 05:55:00.462
d6efa83d-254a-4251-8cd5-236952228371,7a2d45a5-7710-41cc-befd-b716d8b2c3a0,SPV,Special Purpose Vehicle,X_RAY_VAN_DIESEL,X-Ray Van,MOBILE_SERVICE,Mobile diagnostic vehicle equipped with X-ray facilities.,DIESEL,SPECIAL_PURPOSE,ACTIVE,2026-09-13 10:27:58.875,2026-09-14 05:55:00.46
9caafefd-feb4-404f-9f2e-c795ccc81302,7a2d45a5-7710-41cc-befd-b716d8b2c3a0,SPV,Special Purpose Vehicle,X_RAY_VAN_ELECTRIC,X-Ray Van,MOBILE_SERVICE,Mobile diagnostic vehicle equipped with X-ray facilities.,ELECTRIC,SPECIAL_PURPOSE,ACTIVE,2026-09-13 10:27:58.848,2026-09-14 05:55:00.466
