id,categoryId,code,name,subCategory,description,energyType,usageType,status,createdAt,updatedAt,createdBy,updatedBy
6bcf869d-dbcf-4dca-a8cf-86e25c9e0c96,073bd28f-6cda-4839-9a21-8218de3498d9,SCOOTER_PETROL,Scooter,SCOOTER,Step-through two-wheeler used for personal and urban mobility.,PETROL,PRIVATE,ACTIVE,2026-09-12 06:30:12.252,2026-09-12 06:30:12.252,,
e693b875-827d-4f19-b4b2-d13691a51b39,073bd28f-6cda-4839-9a21-8218de3498d9,SCOOTER_ELECTRIC,Scooter,SCOOTER,Step-through two-wheeler used for personal and urban mobility.,ELECTRIC,PRIVATE,ACTIVE,2026-09-12 06:30:12.252,2026-09-12 06:30:12.252,,
00e43bed-c29e-48ca-9bce-e7903951f02f,073bd28f-6cda-4839-9a21-8218de3498d9,MOTORCYCLE_PETROL,Motorcycle,MOTORCYCLE,"Two-wheeled motor vehicle including commuter, street and touring motorcycles.",PETROL,PRIVATE,ACTIVE,2026-09-12 06:30:12.252,2026-09-12 06:30:12.252,,
f5f7cddb-44a2-4bf5-b526-4781303d44ba,073bd28f-6cda-4839-9a21-8218de3498d9,MOTORCYCLE_ELECTRIC,Motorcycle,MOTORCYCLE,"Two-wheeled motor vehicle including commuter, street and touring motorcycles.",ELECTRIC,PRIVATE,ACTIVE,2026-09-12 06:30:12.252,2026-09-12 06:30:12.252,,
848fead1-8d55-4bf2-9d05-ce4c8352a334,073bd28f-6cda-4839-9a21-8218de3498d9,MOTORCYCLE_CNG,Motorcycle,MOTORCYCLE,"Two-wheeled motor vehicle including commuter, street and touring motorcycles.",CNG,PRIVATE,ACTIVE,2026-09-12 06:30:12.252,2026-09-12 06:30:12.252,,
246e2f07-88c4-47e2-94f1-3b960299f10b,073bd28f-6cda-4839-9a21-8218de3498d9,MOPED_PETROL,Moped,MOPED,Low-powered two-wheeler with moped-style construction.,PETROL,PRIVATE,ACTIVE,2026-09-12 06:30:12.252,2026-09-12 06:30:12.252,,
95e18edb-fac5-4a37-8506-eacfc60f7575,073bd28f-6cda-4839-9a21-8218de3498d9,MOPED_ELECTRIC,Moped,MOPED,Low-powered two-wheeler with moped-style construction.,ELECTRIC,PRIVATE,ACTIVE,2026-09-12 06:30:12.252,2026-09-12 06:30:12.252,,
43bea1e6-fbed-47d1-a73f-5c06c2cfb65d,073bd28f-6cda-4839-9a21-8218de3498d9,E_BICYCLE_ELECTRIC,Electric Bicycle,BICYCLE,Pedal-assisted or low-speed electric bicycle used for personal or delivery mobility.,ELECTRIC,DELIVERY,ACTIVE,2026-09-12 06:30:12.252,2026-09-12 06:30:12.252,,
5648fca6-414c-4b23-a80a-1c3b435c96f1,073bd28f-6cda-4839-9a21-8218de3498d9,MOTORISED_CYCLE_PETROL,Motorised Cycle,MOTORISED_CYCLE,Low-capacity motorised cycle including legacy low-cc classifications.,PETROL,PRIVATE,ACTIVE,2026-09-12 06:30:12.252,2026-09-12 06:30:12.252,,
89f24c90-387e-4c54-9cbc-1f241ba77a4f,073bd28f-6cda-4839-9a21-8218de3498d9,MOTORISED_CYCLE_ELECTRIC,Motorised Cycle,MOTORISED_CYCLE,Low-capacity motorised cycle including legacy low-cc classifications.,ELECTRIC,PRIVATE,ACTIVE,2026-09-12 06:30:12.252,2026-09-12 06:30:12.252,,
e2b92fd3-3382-4932-9359-0cdf5e60b148,073bd28f-6cda-4839-9a21-8218de3498d9,MOTORCYCLE_SIDE_CAR_PETROL,Motorcycle with Side Car,SIDE_CAR,Motorcycle or scooter fitted with a side car.,PETROL,PRIVATE,ACTIVE,2026-09-12 06:30:12.252,2026-09-12 06:30:12.252,,
86df53ff-d1a1-4e3b-b10c-71def64db438,073bd28f-6cda-4839-9a21-8218de3498d9,MOTORCYCLE_SIDE_CAR_ELECTRIC,Motorcycle with Side Car,SIDE_CAR,Motorcycle or scooter fitted with a side car.,ELECTRIC,PRIVATE,ACTIVE,2026-09-12 06:30:12.252,2026-09-12 06:30:12.252,,
643af1a7-ae6a-400e-a099-99cc3251f49d,073bd28f-6cda-4839-9a21-8218de3498d9,MOTORCYCLE_TRAILER_PETROL,Motorcycle with Trailer,TRAILER_ATTACHED,Motorcycle or scooter configured to tow a small trailer.,PETROL,GOODS,ACTIVE,2026-09-12 06:30:12.252,2026-09-12 06:30:12.252,,
9b0c3686-dc55-4ef1-8e16-b1b986472cea,073bd28f-6cda-4839-9a21-8218de3498d9,MOTORCYCLE_TRAILER_ELECTRIC,Motorcycle with Trailer,TRAILER_ATTACHED,Motorcycle or scooter configured to tow a small trailer.,ELECTRIC,GOODS,ACTIVE,2026-09-12 06:30:12.252,2026-09-12 06:30:12.252,,
8d88f119-2213-402b-ad97-38e8f946afaf,073bd28f-6cda-4839-9a21-8218de3498d9,MOTORCYCLE_FOR_HIRE_PETROL,Motorcycle for Hire,COMMERCIAL_2W,Motorcycle or scooter used commercially for hire or shared mobility.,PETROL,SHARED_MOBILITY,ACTIVE,2026-09-12 06:30:12.252,2026-09-12 06:30:12.252,,
b0966e77-3656-489a-b3f4-771a8b01d9f5,073bd28f-6cda-4839-9a21-8218de3498d9,MOTORCYCLE_FOR_HIRE_ELECTRIC,Motorcycle for Hire,COMMERCIAL_2W,Motorcycle or scooter used commercially for hire or shared mobility.,ELECTRIC,SHARED_MOBILITY,ACTIVE,2026-09-12 06:30:12.252,2026-09-12 06:30:12.252,,
53971b2b-4e14-4ab7-bd73-565894a7bad5,c00dd8b6-102b-487a-a15c-af4f9d1293a2,AUTO_RICKSHAW_CNG,Auto Rickshaw,PASSENGER_3W,Three-wheeled passenger auto-rickshaw used for commercial passenger transport.,CNG,PASSENGER,ACTIVE,2026-09-12 06:30:12.252,2026-09-12 06:30:12.252,,
71b51d31-a16d-434f-819e-9ff6221fb200,c00dd8b6-102b-487a-a15c-af4f9d1293a2,AUTO_RICKSHAW_PETROL,Auto Rickshaw,PASSENGER_3W,Three-wheeled passenger auto-rickshaw used for commercial passenger transport.,PETROL,PASSENGER,ACTIVE,2026-09-12 06:30:12.252,2026-09-12 06:30:12.252,,
8f3470a6-9d4d-4e60-a9d0-fdacb20a6df0,c00dd8b6-102b-487a-a15c-af4f9d1293a2,AUTO_RICKSHAW_DIESEL,Auto Rickshaw,PASSENGER_3W,Three-wheeled passenger auto-rickshaw used for commercial passenger transport.,DIESEL,PASSENGER,ACTIVE,2026-09-12 06:30:12.252,2026-09-12 06:30:12.252,,
f172004e-3f18-4609-be24-00a45e34ae2e,c00dd8b6-102b-487a-a15c-af4f9d1293a2,AUTO_RICKSHAW_LPG,Auto Rickshaw,PASSENGER_3W,Three-wheeled passenger auto-rickshaw used for commercial passenger transport.,LPG,PASSENGER,ACTIVE,2026-09-12 06:30:12.252,2026-09-12 06:30:12.252,,
266dc90e-86d7-4692-8707-a89799051e52,c00dd8b6-102b-487a-a15c-af4f9d1293a2,AUTO_RICKSHAW_ELECTRIC,Auto Rickshaw,PASSENGER_3W,Three-wheeled passenger auto-rickshaw used for commercial passenger transport.,ELECTRIC,PASSENGER,ACTIVE,2026-09-12 06:30:12.252,2026-09-12 06:30:12.252,,
fc987432-f54f-4a80-ade0-def546a6006c,c00dd8b6-102b-487a-a15c-af4f9d1293a2,THREE_WHEELER_PASSENGER_CNG,Three Wheeler Passenger,PASSENGER_3W,Passenger-carrying three-wheeler other than conventional auto-rickshaw.,CNG,PASSENGER,ACTIVE,2026-09-12 06:30:12.252,2026-09-12 06:30:12.252,,
2bae708a-499c-4c9a-bcfe-b326329d45a1,c00dd8b6-102b-487a-a15c-af4f9d1293a2,THREE_WHEELER_PASSENGER_PETROL,Three Wheeler Passenger,PASSENGER_3W,Passenger-carrying three-wheeler other than conventional auto-rickshaw.,PETROL,PASSENGER,ACTIVE,2026-09-12 06:30:12.252,2026-09-12 06:30:12.252,,
3915458f-d47f-4ad9-90c3-85adc2247c55,c00dd8b6-102b-487a-a15c-af4f9d1293a2,THREE_WHEELER_PASSENGER_DIESEL,Three Wheeler Passenger,PASSENGER_3W,Passenger-carrying three-wheeler other than conventional auto-rickshaw.,DIESEL,PASSENGER,ACTIVE,2026-09-12 06:30:12.252,2026-09-12 06:30:12.252,,
212ecd2c-18e2-4552-8d0e-437f4d91cd9b,c00dd8b6-102b-487a-a15c-af4f9d1293a2,THREE_WHEELER_PASSENGER_LPG,Three Wheeler Passenger,PASSENGER_3W,Passenger-carrying three-wheeler other than conventional auto-rickshaw.,LPG,PASSENGER,ACTIVE,2026-09-12 06:30:12.252,2026-09-12 06:30:12.252,,
9a611a86-a678-4d49-809b-080f466c1731,c00dd8b6-102b-487a-a15c-af4f9d1293a2,THREE_WHEELER_PASSENGER_ELECTRIC,Three Wheeler Passenger,PASSENGER_3W,Passenger-carrying three-wheeler other than conventional auto-rickshaw.,ELECTRIC,PASSENGER,ACTIVE,2026-09-12 06:30:12.252,2026-09-12 06:30:12.252,,
93cf6508-c481-4fce-8b39-3a2e890300d5,c00dd8b6-102b-487a-a15c-af4f9d1293a2,THREE_WHEELER_GOODS_DIESEL,Three Wheeler Goods,CARGO_3W,Three-wheeled goods carrier for urban and last-mile cargo movement.,DIESEL,GOODS,ACTIVE,2026-09-12 06:30:12.252,2026-09-12 06:30:12.252,,
100adad3-bff8-43c3-8144-5c2d3c926d7c,c00dd8b6-102b-487a-a15c-af4f9d1293a2,THREE_WHEELER_GOODS_CNG,Three Wheeler Goods,CARGO_3W,Three-wheeled goods carrier for urban and last-mile cargo movement.,CNG,GOODS,ACTIVE,2026-09-12 06:30:12.252,2026-09-12 06:30:12.252,,
708118ed-97f5-4596-97d2-4c70f1ed0a17,c00dd8b6-102b-487a-a15c-af4f9d1293a2,THREE_WHEELER_GOODS_PETROL,Three Wheeler Goods,CARGO_3W,Three-wheeled goods carrier for urban and last-mile cargo movement.,PETROL,GOODS,ACTIVE,2026-09-12 06:30:12.252,2026-09-12 06:30:12.252,,
61759aec-a938-49db-88fd-c8464ad55528,c00dd8b6-102b-487a-a15c-af4f9d1293a2,THREE_WHEELER_GOODS_LPG,Three Wheeler Goods,CARGO_3W,Three-wheeled goods carrier for urban and last-mile cargo movement.,LPG,GOODS,ACTIVE,2026-09-12 06:30:12.252,2026-09-12 06:30:12.252,,
fe7eef66-607c-4e78-a921-9ae3dfc694c9,c00dd8b6-102b-487a-a15c-af4f9d1293a2,THREE_WHEELER_GOODS_ELECTRIC,Three Wheeler Goods,CARGO_3W,Three-wheeled goods carrier for urban and last-mile cargo movement.,ELECTRIC,GOODS,ACTIVE,2026-09-12 06:30:12.252,2026-09-12 06:30:12.252,,
8d32a447-504d-486e-bee0-2d6b43e5d2c4,c00dd8b6-102b-487a-a15c-af4f9d1293a2,THREE_WHEELER_PERSONAL_PETROL,Three Wheeler Personal,PERSONAL_3W,Three-wheeler registered or configured primarily for personal use.,PETROL,PRIVATE,ACTIVE,2026-09-12 06:30:12.252,2026-09-12 06:30:12.252,,
a1f1062e-32b7-4efb-ae44-ffd7d9e8096f,c00dd8b6-102b-487a-a15c-af4f9d1293a2,THREE_WHEELER_PERSONAL_ELECTRIC,Three Wheeler Personal,PERSONAL_3W,Three-wheeler registered or configured primarily for personal use.,ELECTRIC,PRIVATE,ACTIVE,2026-09-12 06:30:12.252,2026-09-12 06:30:12.252,,
4850e9fa-0571-4a50-9895-cb5b13b859b0,c00dd8b6-102b-487a-a15c-af4f9d1293a2,E_RICKSHAW_ELECTRIC,E-Rickshaw,E_RICKSHAW,Battery-operated three-wheeler intended primarily for last-mile passenger connectivity.,ELECTRIC,PASSENGER,ACTIVE,2026-09-12 06:30:12.252,2026-09-12 06:30:12.252,,
5edc5b59-fd01-4323-81bd-9024e72bbe64,c00dd8b6-102b-487a-a15c-af4f9d1293a2,E_CART_ELECTRIC,E-Cart,E_CART,Battery-operated three-wheeler intended primarily for goods and last-mile cargo movement.,ELECTRIC,DELIVERY,ACTIVE,2026-09-12 06:30:12.252,2026-09-12 06:30:12.252,,
b3c0cf12-a0e5-45d6-ad65-84ea977e634e,6d24cb87-fd6f-45c4-9623-fd339a4464ae,HATCHBACK_PETROL,Hatchback,PASSENGER_CAR,Passenger car with a rear hatch and integrated cargo area.,PETROL,PRIVATE,ACTIVE,2026-09-12 06:30:12.252,2026-09-12 06:30:12.252,,
62bd8039-43c0-4f42-a2a9-ca95828a119a,6d24cb87-fd6f-45c4-9623-fd339a4464ae,HATCHBACK_DIESEL,Hatchback,PASSENGER_CAR,Passenger car with a rear hatch and integrated cargo area.,DIESEL,PRIVATE,ACTIVE,2026-09-12 06:30:12.252,2026-09-12 06:30:12.252,,
04e6f9b9-3b19-45fe-98d0-4316889b5744,6d24cb87-fd6f-45c4-9623-fd339a4464ae,HATCHBACK_CNG,Hatchback,PASSENGER_CAR,Passenger car with a rear hatch and integrated cargo area.,CNG,PRIVATE,ACTIVE,2026-09-12 06:30:12.252,2026-09-12 06:30:12.252,,
b5425363-eac7-448a-a0a7-d37aeedff9b5,6d24cb87-fd6f-45c4-9623-fd339a4464ae,HATCHBACK_ELECTRIC,Hatchback,PASSENGER_CAR,Passenger car with a rear hatch and integrated cargo area.,ELECTRIC,PRIVATE,ACTIVE,2026-09-12 06:30:12.252,2026-09-12 06:30:12.252,,
c501d14f-b0fe-4afe-b5e1-7d6d2e7ecf17,6d24cb87-fd6f-45c4-9623-fd339a4464ae,SEDAN_PETROL,Sedan,PASSENGER_CAR,Passenger car with a separate boot/trunk compartment.,PETROL,PRIVATE,ACTIVE,2026-09-12 06:30:12.252,2026-09-12 06:30:12.252,,
fc98b330-1a2f-4267-b5f8-7ccef5580bce,6d24cb87-fd6f-45c4-9623-fd339a4464ae,SEDAN_DIESEL,Sedan,PASSENGER_CAR,Passenger car with a separate boot/trunk compartment.,DIESEL,PRIVATE,ACTIVE,2026-09-12 06:30:12.252,2026-09-12 06:30:12.252,,
9505d112-7a75-4acb-ab88-e189f2493fc7,6d24cb87-fd6f-45c4-9623-fd339a4464ae,SEDAN_CNG,Sedan,PASSENGER_CAR,Passenger car with a separate boot/trunk compartment.,CNG,PRIVATE,ACTIVE,2026-09-12 06:30:12.252,2026-09-12 06:30:12.252,,
f345a1b8-1097-48d3-8cf6-c9d785adf47e,6d24cb87-fd6f-45c4-9623-fd339a4464ae,SEDAN_ELECTRIC,Sedan,PASSENGER_CAR,Passenger car with a separate boot/trunk compartment.,ELECTRIC,PRIVATE,ACTIVE,2026-09-12 06:30:12.252,2026-09-12 06:30:12.252,,
37599e22-b7ee-44bf-80c8-0817914294ce,6d24cb87-fd6f-45c4-9623-fd339a4464ae,SEDAN_HYBRID,Sedan,PASSENGER_CAR,Passenger car with a separate boot/trunk compartment.,HYBRID,PRIVATE,ACTIVE,2026-09-12 06:30:12.252,2026-09-12 06:30:12.252,,
6beeb61b-c14e-445e-9bb6-b1b3abe5e2c6,6d24cb87-fd6f-45c4-9623-fd339a4464ae,SUV_PETROL,SUV,PASSENGER_CAR,"Sport utility vehicle for personal, fleet and mixed-road use.",PETROL,PRIVATE,ACTIVE,2026-09-12 06:30:12.252,2026-09-12 06:30:12.252,,
6e80dc2a-f579-4498-95f3-975f50ed543c,6d24cb87-fd6f-45c4-9623-fd339a4464ae,SUV_DIESEL,SUV,PASSENGER_CAR,"Sport utility vehicle for personal, fleet and mixed-road use.",DIESEL,PRIVATE,ACTIVE,2026-09-12 06:30:12.252,2026-09-12 06:30:12.252,,
92d6aedb-edf3-48d3-86d4-f613c80b03d2,6d24cb87-fd6f-45c4-9623-fd339a4464ae,SUV_CNG,SUV,PASSENGER_CAR,"Sport utility vehicle for personal, fleet and mixed-road use.",CNG,PRIVATE,ACTIVE,2026-09-12 06:30:12.252,2026-09-12 06:30:12.252,,
fad5bbb5-d199-46af-bf72-0b99b06d6777,6d24cb87-fd6f-45c4-9623-fd339a4464ae,SUV_ELECTRIC,SUV,PASSENGER_CAR,"Sport utility vehicle for personal, fleet and mixed-road use.",ELECTRIC,PRIVATE,ACTIVE,2026-09-12 06:30:12.252,2026-09-12 06:30:12.252,,
96f1ed23-9c11-4ea1-8ad7-1531d2cac216,6d24cb87-fd6f-45c4-9623-fd339a4464ae,SUV_HYBRID,SUV,PASSENGER_CAR,"Sport utility vehicle for personal, fleet and mixed-road use.",HYBRID,PRIVATE,ACTIVE,2026-09-12 06:30:12.252,2026-09-12 06:30:12.252,,
24fd872c-0040-4d63-bf1c-a5bd8b793f4c,6d24cb87-fd6f-45c4-9623-fd339a4464ae,MUV_PETROL,MUV,PASSENGER_CAR,Multi-utility vehicle designed for higher passenger and luggage capacity.,PETROL,PRIVATE,ACTIVE,2026-09-12 06:30:12.252,2026-09-12 06:30:12.252,,
9101853c-f1ba-4987-a6e8-2d6b46cbbfeb,6d24cb87-fd6f-45c4-9623-fd339a4464ae,MUV_DIESEL,MUV,PASSENGER_CAR,Multi-utility vehicle designed for higher passenger and luggage capacity.,DIESEL,PRIVATE,ACTIVE,2026-09-12 06:30:12.252,2026-09-12 06:30:12.252,,
4b5be2c6-95c7-417e-8806-e495b6270dde,6d24cb87-fd6f-45c4-9623-fd339a4464ae,MUV_CNG,MUV,PASSENGER_CAR,Multi-utility vehicle designed for higher passenger and luggage capacity.,CNG,PRIVATE,ACTIVE,2026-09-12 06:30:12.252,2026-09-12 06:30:12.252,,
c2d1b3c5-332a-4e8d-ad67-b25b37870cb3,6d24cb87-fd6f-45c4-9623-fd339a4464ae,MUV_HYBRID,MUV,PASSENGER_CAR,Multi-utility vehicle designed for higher passenger and luggage capacity.,HYBRID,PRIVATE,ACTIVE,2026-09-12 06:30:12.252,2026-09-12 06:30:12.252,,
7cff6bfd-8431-41de-b423-df439f51c80f,6d24cb87-fd6f-45c4-9623-fd339a4464ae,MPV_PETROL,MPV,PASSENGER_CAR,Multi-purpose vehicle designed for flexible passenger seating and family/fleet use.,PETROL,PRIVATE,ACTIVE,2026-09-12 06:30:12.252,2026-09-12 06:30:12.252,,
4a1c7023-f471-4bf4-826a-afba9b4e62c1,6d24cb87-fd6f-45c4-9623-fd339a4464ae,MPV_DIESEL,MPV,PASSENGER_CAR,Multi-purpose vehicle designed for flexible passenger seating and family/fleet use.,DIESEL,PRIVATE,ACTIVE,2026-09-12 06:30:12.252,2026-09-12 06:30:12.252,,
5283f239-07b7-4faf-a82a-ce9d93a9489f,6d24cb87-fd6f-45c4-9623-fd339a4464ae,MPV_CNG,MPV,PASSENGER_CAR,Multi-purpose vehicle designed for flexible passenger seating and family/fleet use.,CNG,PRIVATE,ACTIVE,2026-09-12 06:30:12.252,2026-09-12 06:30:12.252,,
494b19ff-3829-45b1-88a2-b1e6f2836c02,6d24cb87-fd6f-45c4-9623-fd339a4464ae,MPV_ELECTRIC,MPV,PASSENGER_CAR,Multi-purpose vehicle designed for flexible passenger seating and family/fleet use.,ELECTRIC,PRIVATE,ACTIVE,2026-09-12 06:30:12.252,2026-09-12 06:30:12.252,,
65314d4f-4f66-435e-8b21-9db816437e28,6d24cb87-fd6f-45c4-9623-fd339a4464ae,MPV_HYBRID,MPV,PASSENGER_CAR,Multi-purpose vehicle designed for flexible passenger seating and family/fleet use.,HYBRID,PRIVATE,ACTIVE,2026-09-12 06:30:12.252,2026-09-12 06:30:12.252,,
da5de4e7-50a4-4448-b66f-bcd94c5a9045,6d24cb87-fd6f-45c4-9623-fd339a4464ae,COUPE_PETROL,Coupe,PASSENGER_CAR,Passenger car with coupe-style body configuration.,PETROL,PRIVATE,ACTIVE,2026-09-12 06:30:12.252,2026-09-12 06:30:12.252,,
12a9eae8-501f-47c5-98b6-6ead53eef836,6d24cb87-fd6f-45c4-9623-fd339a4464ae,COUPE_ELECTRIC,Coupe,PASSENGER_CAR,Passenger car with coupe-style body configuration.,ELECTRIC,PRIVATE,ACTIVE,2026-09-12 06:30:12.252,2026-09-12 06:30:12.252,,
1c88715a-614e-4254-a6c2-d69613625a55,6d24cb87-fd6f-45c4-9623-fd339a4464ae,CONVERTIBLE_PETROL,Convertible,PASSENGER_CAR,Passenger car with retractable or removable roof.,PETROL,PRIVATE,ACTIVE,2026-09-12 06:30:12.252,2026-09-12 06:30:12.252,,
5fd14428-5b27-4075-9620-54fb1c746209,6d24cb87-fd6f-45c4-9623-fd339a4464ae,CONVERTIBLE_ELECTRIC,Convertible,PASSENGER_CAR,Passenger car with retractable or removable roof.,ELECTRIC,PRIVATE,ACTIVE,2026-09-12 06:30:12.252,2026-09-12 06:30:12.252,,
1c228ded-108d-49d0-8589-1b19f82c85a3,6d24cb87-fd6f-45c4-9623-fd339a4464ae,STATION_WAGON_PETROL,Station Wagon,PASSENGER_CAR,Passenger car with extended rear cargo area and wagon body style.,PETROL,PRIVATE,ACTIVE,2026-09-12 06:30:12.252,2026-09-12 06:30:12.252,,
d12f4115-a036-46bb-a334-fd1631a73d63,6d24cb87-fd6f-45c4-9623-fd339a4464ae,STATION_WAGON_DIESEL,Station Wagon,PASSENGER_CAR,Passenger car with extended rear cargo area and wagon body style.,DIESEL,PRIVATE,ACTIVE,2026-09-12 06:30:12.252,2026-09-12 06:30:12.252,,
7a4a2ce5-98ae-4bcb-9b40-05197537861e,6d24cb87-fd6f-45c4-9623-fd339a4464ae,VAN_PETROL,Van,VAN,"Four-wheeled enclosed vehicle for passengers, goods or mixed utility.",PETROL,PRIVATE,ACTIVE,2026-09-12 06:30:12.252,2026-09-12 06:30:12.252,,
efb1590c-397b-463e-82f3-aca0ccea5a47,6d24cb87-fd6f-45c4-9623-fd339a4464ae,VAN_DIESEL,Van,VAN,"Four-wheeled enclosed vehicle for passengers, goods or mixed utility.",DIESEL,PRIVATE,ACTIVE,2026-09-12 06:30:12.252,2026-09-12 06:30:12.252,,
3feb3d85-0e02-4a80-a1c7-485a721d2e19,6d24cb87-fd6f-45c4-9623-fd339a4464ae,VAN_CNG,Van,VAN,"Four-wheeled enclosed vehicle for passengers, goods or mixed utility.",CNG,PRIVATE,ACTIVE,2026-09-12 06:30:12.252,2026-09-12 06:30:12.252,,
2b119493-a7b4-476b-925c-b5ffaedd65cc,6d24cb87-fd6f-45c4-9623-fd339a4464ae,VAN_ELECTRIC,Van,VAN,"Four-wheeled enclosed vehicle for passengers, goods or mixed utility.",ELECTRIC,PRIVATE,ACTIVE,2026-09-12 06:30:12.252,2026-09-12 06:30:12.252,,
cb452cd6-a50a-435c-9eaa-eb5388ee8326,6d24cb87-fd6f-45c4-9623-fd339a4464ae,PICKUP_DIESEL,Pickup,LIGHT_COMMERCIAL,Light commercial four-wheeler with an open cargo bed.,DIESEL,GOODS,ACTIVE,2026-09-12 06:30:12.252,2026-09-12 06:30:12.252,,
12eb0cfa-9c0a-4bfe-86f4-87671dc6bcfb,6d24cb87-fd6f-45c4-9623-fd339a4464ae,PICKUP_CNG,Pickup,LIGHT_COMMERCIAL,Light commercial four-wheeler with an open cargo bed.,CNG,GOODS,ACTIVE,2026-09-12 06:30:12.252,2026-09-12 06:30:12.252,,
c7021260-4359-459e-be56-b249d8e72f91,6d24cb87-fd6f-45c4-9623-fd339a4464ae,PICKUP_PETROL,Pickup,LIGHT_COMMERCIAL,Light commercial four-wheeler with an open cargo bed.,PETROL,GOODS,ACTIVE,2026-09-12 06:30:12.252,2026-09-12 06:30:12.252,,
7cf6584b-bc43-42e8-9e95-cb4433731b37,6d24cb87-fd6f-45c4-9623-fd339a4464ae,PICKUP_ELECTRIC,Pickup,LIGHT_COMMERCIAL,Light commercial four-wheeler with an open cargo bed.,ELECTRIC,GOODS,ACTIVE,2026-09-12 06:30:12.252,2026-09-12 06:30:12.252,,
95286b3d-3a47-4b40-8b67-d954bcfc8ca8,6d24cb87-fd6f-45c4-9623-fd339a4464ae,MOTOR_CAB_PETROL,Motor Cab,CAB,Commercial passenger car used as a taxi or cab.,PETROL,PASSENGER,ACTIVE,2026-09-12 06:30:12.252,2026-09-12 06:30:12.252,,
aa3f5463-7f32-4512-8081-11bb3cfebd8d,6d24cb87-fd6f-45c4-9623-fd339a4464ae,MOTOR_CAB_DIESEL,Motor Cab,CAB,Commercial passenger car used as a taxi or cab.,DIESEL,PASSENGER,ACTIVE,2026-09-12 06:30:12.252,2026-09-12 06:30:12.252,,
817ca94b-0287-46ae-924d-63a5c513edd7,6d24cb87-fd6f-45c4-9623-fd339a4464ae,MOTOR_CAB_CNG,Motor Cab,CAB,Commercial passenger car used as a taxi or cab.,CNG,PASSENGER,ACTIVE,2026-09-12 06:30:12.252,2026-09-12 06:30:12.252,,
09f2f0de-83c0-4bcf-a650-8b56af41b872,6d24cb87-fd6f-45c4-9623-fd339a4464ae,MOTOR_CAB_ELECTRIC,Motor Cab,CAB,Commercial passenger car used as a taxi or cab.,ELECTRIC,PASSENGER,ACTIVE,2026-09-12 06:30:12.252,2026-09-12 06:30:12.252,,
3924c5e4-1726-4774-9fdc-7ed1b1912802,6d24cb87-fd6f-45c4-9623-fd339a4464ae,MOTOR_CAB_HYBRID,Motor Cab,CAB,Commercial passenger car used as a taxi or cab.,HYBRID,PASSENGER,ACTIVE,2026-09-12 06:30:12.252,2026-09-12 06:30:12.252,,
cbce78eb-be26-40f1-868a-737023f9e26f,6d24cb87-fd6f-45c4-9623-fd339a4464ae,MAXI_CAB_DIESEL,Maxi Cab,CAB,Passenger vehicle configured as a maxi cab for commercial passenger transport.,DIESEL,PASSENGER,ACTIVE,2026-09-12 06:30:12.252,2026-09-12 06:30:12.252,,
d1290114-1491-459a-821e-a0abe92e537e,6d24cb87-fd6f-45c4-9623-fd339a4464ae,MAXI_CAB_CNG,Maxi Cab,CAB,Passenger vehicle configured as a maxi cab for commercial passenger transport.,CNG,PASSENGER,ACTIVE,2026-09-12 06:30:12.252,2026-09-12 06:30:12.252,,
b41323e7-e60d-4c9b-86bd-501d58b2353e,6d24cb87-fd6f-45c4-9623-fd339a4464ae,MAXI_CAB_ELECTRIC,Maxi Cab,CAB,Passenger vehicle configured as a maxi cab for commercial passenger transport.,ELECTRIC,PASSENGER,ACTIVE,2026-09-12 06:30:12.252,2026-09-12 06:30:12.252,,
94e8bb1e-db99-439f-b7ad-f44f888a984f,6d24cb87-fd6f-45c4-9623-fd339a4464ae,LUXURY_CAB_PETROL,Luxury Cab,CAB,Premium passenger vehicle used for commercial chauffeur or taxi operations.,PETROL,PASSENGER,ACTIVE,2026-09-12 06:30:12.252,2026-09-12 06:30:12.252,,
1f8e06e5-912c-4a2e-8ed7-da141b425a87,6d24cb87-fd6f-45c4-9623-fd339a4464ae,LUXURY_CAB_DIESEL,Luxury Cab,CAB,Premium passenger vehicle used for commercial chauffeur or taxi operations.,DIESEL,PASSENGER,ACTIVE,2026-09-12 06:30:12.252,2026-09-12 06:30:12.252,,
700b141c-749b-4b0d-9d36-b508312a1890,6d24cb87-fd6f-45c4-9623-fd339a4464ae,LUXURY_CAB_ELECTRIC,Luxury Cab,CAB,Premium passenger vehicle used for commercial chauffeur or taxi operations.,ELECTRIC,PASSENGER,ACTIVE,2026-09-12 06:30:12.252,2026-09-12 06:30:12.252,,
7651926c-d61a-450c-bb46-e232b2046dc1,6d24cb87-fd6f-45c4-9623-fd339a4464ae,LUXURY_CAB_HYBRID,Luxury Cab,CAB,Premium passenger vehicle used for commercial chauffeur or taxi operations.,HYBRID,PASSENGER,ACTIVE,2026-09-12 06:30:12.252,2026-09-12 06:30:12.252,,
2337343c-3524-46c2-8ab1-ad452b04a46c,6d24cb87-fd6f-45c4-9623-fd339a4464ae,QUADRICYCLE_PRIVATE_PETROL,Quadricycle Private,QUADRICYCLE,Four-wheeled light quadricycle for private use.,PETROL,PRIVATE,ACTIVE,2026-09-12 06:30:12.252,2026-09-12 06:30:12.252,,
40c56c14-14f4-4df1-acd7-a21c2702825d,6d24cb87-fd6f-45c4-9623-fd339a4464ae,QUADRICYCLE_PRIVATE_CNG,Quadricycle Private,QUADRICYCLE,Four-wheeled light quadricycle for private use.,CNG,PRIVATE,ACTIVE,2026-09-12 06:30:12.252,2026-09-12 06:30:12.252,,
77972de3-40b2-4370-8e0f-2eebb5933960,6d24cb87-fd6f-45c4-9623-fd339a4464ae,QUADRICYCLE_PRIVATE_ELECTRIC,Quadricycle Private,QUADRICYCLE,Four-wheeled light quadricycle for private use.,ELECTRIC,PRIVATE,ACTIVE,2026-09-12 06:30:12.252,2026-09-12 06:30:12.252,,
6b978b05-7ead-4dfa-982c-f7ffc136cd72,6d24cb87-fd6f-45c4-9623-fd339a4464ae,QUADRICYCLE_COMMERCIAL_CNG,Quadricycle Commercial,QUADRICYCLE,Commercial quadricycle used for passenger or light commercial mobility.,CNG,PASSENGER,ACTIVE,2026-09-12 06:30:12.252,2026-09-12 06:30:12.252,,
3d5f7fe8-92cb-4fcd-b802-fb9b6a22673d,6d24cb87-fd6f-45c4-9623-fd339a4464ae,QUADRICYCLE_COMMERCIAL_PETROL,Quadricycle Commercial,QUADRICYCLE,Commercial quadricycle used for passenger or light commercial mobility.,PETROL,PASSENGER,ACTIVE,2026-09-12 06:30:12.252,2026-09-12 06:30:12.252,,
4446896b-06c3-473f-9b76-cc3b9cb8d47b,6d24cb87-fd6f-45c4-9623-fd339a4464ae,QUADRICYCLE_COMMERCIAL_ELECTRIC,Quadricycle Commercial,QUADRICYCLE,Commercial quadricycle used for passenger or light commercial mobility.,ELECTRIC,PASSENGER,ACTIVE,2026-09-12 06:30:12.252,2026-09-12 06:30:12.252,,
190f1031-53f5-4447-be99-d9b45dff4be7,6d24cb87-fd6f-45c4-9623-fd339a4464ae,MOTOR_CARAVAN_DIESEL,Motor Caravan,RECREATIONAL,Self-propelled recreational vehicle or motorhome.,DIESEL,PRIVATE,ACTIVE,2026-09-12 06:30:12.252,2026-09-12 06:30:12.252,,
590b0693-d336-4bbf-a6e3-6cfcf44191b9,6d24cb87-fd6f-45c4-9623-fd339a4464ae,MOTOR_CARAVAN_PETROL,Motor Caravan,RECREATIONAL,Self-propelled recreational vehicle or motorhome.,PETROL,PRIVATE,ACTIVE,2026-09-12 06:30:12.252,2026-09-12 06:30:12.252,,
c9402a63-784c-42ab-9d37-8a0428b6da47,6d24cb87-fd6f-45c4-9623-fd339a4464ae,CAMPER_VAN_DIESEL,Camper Van,RECREATIONAL,Van converted or designed for camping and recreational travel.,DIESEL,PRIVATE,ACTIVE,2026-09-12 06:30:12.252,2026-09-12 06:30:12.252,,
c9b508d4-bbea-468c-939e-7903e4fb9004,6d24cb87-fd6f-45c4-9623-fd339a4464ae,CAMPER_VAN_PETROL,Camper Van,RECREATIONAL,Van converted or designed for camping and recreational travel.,PETROL,PRIVATE,ACTIVE,2026-09-12 06:30:12.252,2026-09-12 06:30:12.252,,
936ceed3-d91c-4e52-9b27-9cdcfbe10da9,6d24cb87-fd6f-45c4-9623-fd339a4464ae,CAMPER_VAN_ELECTRIC,Camper Van,RECREATIONAL,Van converted or designed for camping and recreational travel.,ELECTRIC,PRIVATE,ACTIVE,2026-09-12 06:30:12.252,2026-09-12 06:30:12.252,,
79411df0-88ea-4920-9944-fff2b7033399,6d24cb87-fd6f-45c4-9623-fd339a4464ae,ADAPTED_VEHICLE_PETROL,Adapted Vehicle,ACCESSIBLE_VEHICLE,Vehicle specially adapted for use by persons with disabilities.,PETROL,PRIVATE,ACTIVE,2026-09-12 06:30:12.252,2026-09-12 06:30:12.252,,
8d01c6a8-42b2-4d64-8331-f7db4e0d456f,6d24cb87-fd6f-45c4-9623-fd339a4464ae,ADAPTED_VEHICLE_DIESEL,Adapted Vehicle,ACCESSIBLE_VEHICLE,Vehicle specially adapted for use by persons with disabilities.,DIESEL,PRIVATE,ACTIVE,2026-09-12 06:30:12.252,2026-09-12 06:30:12.252,,
46ebcf89-c3b9-47a5-862b-40e2a9afc87e,6d24cb87-fd6f-45c4-9623-fd339a4464ae,ADAPTED_VEHICLE_CNG,Adapted Vehicle,ACCESSIBLE_VEHICLE,Vehicle specially adapted for use by persons with disabilities.,CNG,PRIVATE,ACTIVE,2026-09-12 06:30:12.252,2026-09-12 06:30:12.252,,
a8f205e6-b50d-47b4-a2ef-aaff98b0f786,6d24cb87-fd6f-45c4-9623-fd339a4464ae,ADAPTED_VEHICLE_ELECTRIC,Adapted Vehicle,ACCESSIBLE_VEHICLE,Vehicle specially adapted for use by persons with disabilities.,ELECTRIC,PRIVATE,ACTIVE,2026-09-12 06:30:12.252,2026-09-12 06:30:12.252,,
298d46e1-e532-4b29-991d-07c3ebe1d44b,6d24cb87-fd6f-45c4-9623-fd339a4464ae,VINTAGE_MOTOR_VEHICLE_PETROL,Vintage Motor Vehicle,VINTAGE,Vintage motor vehicle recognized under applicable Indian registration rules.,PETROL,PRIVATE,ACTIVE,2026-09-12 06:30:12.252,2026-09-12 06:30:12.252,,
f9a1ad6c-81c9-4407-867b-e6d4bc8ccbf0,6d24cb87-fd6f-45c4-9623-fd339a4464ae,VINTAGE_MOTOR_VEHICLE_DIESEL,Vintage Motor Vehicle,VINTAGE,Vintage motor vehicle recognized under applicable Indian registration rules.,DIESEL,PRIVATE,ACTIVE,2026-09-12 06:30:12.252,2026-09-12 06:30:12.252,,
d5759811-25d1-48e8-927b-212f992385ea,6d24cb87-fd6f-45c4-9623-fd339a4464ae,PRIVATE_SERVICE_VEHICLE_DIESEL,Private Service Vehicle,SERVICE_VEHICLE,Passenger vehicle operated for a private organization's own transport requirements.,DIESEL,STAFF_TRANSPORT,ACTIVE,2026-09-12 06:30:12.252,2026-09-12 06:30:12.252,,
e6069355-5c07-4b29-9e57-6a63229faed9,6d24cb87-fd6f-45c4-9623-fd339a4464ae,PRIVATE_SERVICE_VEHICLE_CNG,Private Service Vehicle,SERVICE_VEHICLE,Passenger vehicle operated for a private organization's own transport requirements.,CNG,STAFF_TRANSPORT,ACTIVE,2026-09-12 06:30:12.252,2026-09-12 06:30:12.252,,
340983ea-5973-4dd8-b8d2-efa0284f3c06,6d24cb87-fd6f-45c4-9623-fd339a4464ae,PRIVATE_SERVICE_VEHICLE_ELECTRIC,Private Service Vehicle,SERVICE_VEHICLE,Passenger vehicle operated for a private organization's own transport requirements.,ELECTRIC,STAFF_TRANSPORT,ACTIVE,2026-09-12 06:30:12.252,2026-09-12 06:30:12.252,,
2833249e-a4b6-4627-af98-b9deb3bdd30a,e07edd38-d2ca-47fa-b23b-70d494c23ce2,MINI_BUS_DIESEL,Mini Bus,BUS,"Small-capacity bus used for passenger, staff, school or feeder services.",DIESEL,PASSENGER,ACTIVE,2026-09-12 06:30:12.252,2026-09-12 06:30:12.252,,
f9c139d2-7e75-44f7-8097-33f8c271eee4,e07edd38-d2ca-47fa-b23b-70d494c23ce2,MINI_BUS_CNG,Mini Bus,BUS,"Small-capacity bus used for passenger, staff, school or feeder services.",CNG,PASSENGER,ACTIVE,2026-09-12 06:30:12.252,2026-09-12 06:30:12.252,,
e2e07adf-b6ae-43e2-90e7-40ef8a301c8a,e07edd38-d2ca-47fa-b23b-70d494c23ce2,MINI_BUS_ELECTRIC,Mini Bus,BUS,"Small-capacity bus used for passenger, staff, school or feeder services.",ELECTRIC,PASSENGER,ACTIVE,2026-09-12 06:30:12.252,2026-09-12 06:30:12.252,,
3fe29969-06d0-4567-a793-05be26679929,e07edd38-d2ca-47fa-b23b-70d494c23ce2,CITY_BUS_DIESEL,City Bus,BUS,Bus configured for urban public transport and frequent-stop operations.,DIESEL,PUBLIC_TRANSPORT,ACTIVE,2026-09-12 06:30:12.252,2026-09-12 06:30:12.252,,
a50cf161-9a4f-422e-aa03-555351042d0e,e07edd38-d2ca-47fa-b23b-70d494c23ce2,CITY_BUS_CNG,City Bus,BUS,Bus configured for urban public transport and frequent-stop operations.,CNG,PUBLIC_TRANSPORT,ACTIVE,2026-09-12 06:30:12.252,2026-09-12 06:30:12.252,,
348b767d-e16d-4243-9008-cf6a7ee922ad,e07edd38-d2ca-47fa-b23b-70d494c23ce2,CITY_BUS_ELECTRIC,City Bus,BUS,Bus configured for urban public transport and frequent-stop operations.,ELECTRIC,PUBLIC_TRANSPORT,ACTIVE,2026-09-12 06:30:12.252,2026-09-12 06:30:12.252,,
4df30d68-01aa-424b-b048-3ea37431fd07,e07edd38-d2ca-47fa-b23b-70d494c23ce2,CITY_BUS_HYDROGEN,City Bus,BUS,Bus configured for urban public transport and frequent-stop operations.,HYDROGEN,PUBLIC_TRANSPORT,ACTIVE,2026-09-12 06:30:12.252,2026-09-12 06:30:12.252,,
c6420ce4-0f4b-4093-ae56-1dfbe5093e93,e07edd38-d2ca-47fa-b23b-70d494c23ce2,INTERCITY_BUS_DIESEL,Intercity Bus,BUS,Bus designed for scheduled passenger transport between cities.,DIESEL,PUBLIC_TRANSPORT,ACTIVE,2026-09-12 06:30:12.252,2026-09-12 06:30:12.252,,
c7e1a55a-fcd0-4666-927f-5e09d851c2ee,e07edd38-d2ca-47fa-b23b-70d494c23ce2,INTERCITY_BUS_CNG,Intercity Bus,BUS,Bus designed for scheduled passenger transport between cities.,CNG,PUBLIC_TRANSPORT,ACTIVE,2026-09-12 06:30:12.252,2026-09-12 06:30:12.252,,
ee4fe827-41d8-4033-805e-e2d590669cd3,e07edd38-d2ca-47fa-b23b-70d494c23ce2,INTERCITY_BUS_ELECTRIC,Intercity Bus,BUS,Bus designed for scheduled passenger transport between cities.,ELECTRIC,PUBLIC_TRANSPORT,ACTIVE,2026-09-12 06:30:12.252,2026-09-12 06:30:12.252,,
fe08cac8-8bd2-44fb-8680-14bb2e156ad2,e07edd38-d2ca-47fa-b23b-70d494c23ce2,SCHOOL_BUS_DIESEL,School Bus,BUS,Bus configured and operated for transportation of school students.,DIESEL,SCHOOL_TRANSPORT,ACTIVE,2026-09-12 06:30:12.252,2026-09-12 06:30:12.252,,
334f6005-20e6-4493-b8ac-586a532dfb11,e07edd38-d2ca-47fa-b23b-70d494c23ce2,SCHOOL_BUS_CNG,School Bus,BUS,Bus configured and operated for transportation of school students.,CNG,SCHOOL_TRANSPORT,ACTIVE,2026-09-12 06:30:12.252,2026-09-12 06:30:12.252,,
ba6df832-1947-4e7b-8283-8dccbbb0dcfc,e07edd38-d2ca-47fa-b23b-70d494c23ce2,SCHOOL_BUS_ELECTRIC,School Bus,BUS,Bus configured and operated for transportation of school students.,ELECTRIC,SCHOOL_TRANSPORT,ACTIVE,2026-09-12 06:30:12.252,2026-09-12 06:30:12.252,,
fd9da38d-ba47-4958-a471-0899037631ee,e07edd38-d2ca-47fa-b23b-70d494c23ce2,STAFF_BUS_DIESEL,Staff Bus,BUS,Bus used for employee and corporate staff transportation.,DIESEL,STAFF_TRANSPORT,ACTIVE,2026-09-12 06:30:12.252,2026-09-12 06:30:12.252,,
b1fd138b-233b-4fa3-b3d8-3423d11cd4a9,e07edd38-d2ca-47fa-b23b-70d494c23ce2,STAFF_BUS_CNG,Staff Bus,BUS,Bus used for employee and corporate staff transportation.,CNG,STAFF_TRANSPORT,ACTIVE,2026-09-12 06:30:12.252,2026-09-12 06:30:12.252,,
e7f50aa8-94ac-471e-8b67-d0d2693b7896,e07edd38-d2ca-47fa-b23b-70d494c23ce2,STAFF_BUS_ELECTRIC,Staff Bus,BUS,Bus used for employee and corporate staff transportation.,ELECTRIC,STAFF_TRANSPORT,ACTIVE,2026-09-12 06:30:12.252,2026-09-12 06:30:12.252,,
89199871-b5d9-47e8-a1e1-2f0b2d45f565,e07edd38-d2ca-47fa-b23b-70d494c23ce2,COACH_DIESEL,Coach,BUS,Long-distance passenger coach with higher comfort and luggage capacity.,DIESEL,PASSENGER,ACTIVE,2026-09-12 06:30:12.252,2026-09-12 06:30:12.252,,
c63d4b3a-489a-4d61-9cf1-7d720132c71a,e07edd38-d2ca-47fa-b23b-70d494c23ce2,COACH_CNG,Coach,BUS,Long-distance passenger coach with higher comfort and luggage capacity.,CNG,PASSENGER,ACTIVE,2026-09-12 06:30:12.252,2026-09-12 06:30:12.252,,
a1457e0d-ab0a-48ae-9b52-74d11d66adf9,e07edd38-d2ca-47fa-b23b-70d494c23ce2,COACH_ELECTRIC,Coach,BUS,Long-distance passenger coach with higher comfort and luggage capacity.,ELECTRIC,PASSENGER,ACTIVE,2026-09-12 06:30:12.252,2026-09-12 06:30:12.252,,
33954517-93ed-4dd6-a316-bbc33a3a4cdd,e07edd38-d2ca-47fa-b23b-70d494c23ce2,OMNI_BUS_DIESEL,Omni Bus,BUS,Omnibus-type passenger vehicle used for private or commercial passenger transport.,DIESEL,PASSENGER,ACTIVE,2026-09-12 06:30:12.252,2026-09-12 06:30:12.252,,
ef2a9dbe-7e4d-4cbc-84ed-bb6bd0b51369,e07edd38-d2ca-47fa-b23b-70d494c23ce2,OMNI_BUS_CNG,Omni Bus,BUS,Omnibus-type passenger vehicle used for private or commercial passenger transport.,CNG,PASSENGER,ACTIVE,2026-09-12 06:30:12.252,2026-09-12 06:30:12.252,,
e0db790f-d70d-4f62-9e45-59cae7ba65a5,e07edd38-d2ca-47fa-b23b-70d494c23ce2,OMNI_BUS_ELECTRIC,Omni Bus,BUS,Omnibus-type passenger vehicle used for private or commercial passenger transport.,ELECTRIC,PASSENGER,ACTIVE,2026-09-12 06:30:12.252,2026-09-12 06:30:12.252,,
f2562ccf-1453-4a04-9e3b-dda89ecd6e48,e07edd38-d2ca-47fa-b23b-70d494c23ce2,SLEEPER_BUS_DIESEL,Sleeper Bus,BUS,Long-distance bus fitted with sleeper berths.,DIESEL,PUBLIC_TRANSPORT,ACTIVE,2026-09-12 06:30:12.252,2026-09-12 06:30:12.252,,
6277868f-209b-4b17-a563-dce28dd21890,e07edd38-d2ca-47fa-b23b-70d494c23ce2,SLEEPER_BUS_CNG,Sleeper Bus,BUS,Long-distance bus fitted with sleeper berths.,CNG,PUBLIC_TRANSPORT,ACTIVE,2026-09-12 06:30:12.252,2026-09-12 06:30:12.252,,
af923ff5-765d-471e-bd77-1a8a42b22e93,e07edd38-d2ca-47fa-b23b-70d494c23ce2,SLEEPER_BUS_ELECTRIC,Sleeper Bus,BUS,Long-distance bus fitted with sleeper berths.,ELECTRIC,PUBLIC_TRANSPORT,ACTIVE,2026-09-12 06:30:12.252,2026-09-12 06:30:12.252,,
104fdf24-4057-4322-9601-ad3fa6a17371,671e41db-5eb7-4560-b56c-18217ac3e86d,MINI_TRUCK_DIESEL,Mini Truck,LIGHT_GOODS,Compact goods vehicle used for city and last-mile cargo transport.,DIESEL,GOODS,ACTIVE,2026-09-12 06:30:12.252,2026-09-12 06:30:12.252,,
5329c1e1-d4e2-45bb-a6b0-d1f67b2ce4f7,671e41db-5eb7-4560-b56c-18217ac3e86d,MINI_TRUCK_CNG,Mini Truck,LIGHT_GOODS,Compact goods vehicle used for city and last-mile cargo transport.,CNG,GOODS,ACTIVE,2026-09-12 06:30:12.252,2026-09-12 06:30:12.252,,
dc790504-4301-450b-9dc7-1dd083fdddc5,671e41db-5eb7-4560-b56c-18217ac3e86d,MINI_TRUCK_PETROL,Mini Truck,LIGHT_GOODS,Compact goods vehicle used for city and last-mile cargo transport.,PETROL,GOODS,ACTIVE,2026-09-12 06:30:12.252,2026-09-12 06:30:12.252,,
110517c0-125a-43f8-8cfe-398131e23e71,671e41db-5eb7-4560-b56c-18217ac3e86d,MINI_TRUCK_ELECTRIC,Mini Truck,LIGHT_GOODS,Compact goods vehicle used for city and last-mile cargo transport.,ELECTRIC,GOODS,ACTIVE,2026-09-12 06:30:12.252,2026-09-12 06:30:12.252,,
cd79e9ec-f9f7-4304-878f-cc00659677ba,671e41db-5eb7-4560-b56c-18217ac3e86d,LIGHT_TRUCK_DIESEL,Light Truck,LIGHT_GOODS,Light goods vehicle used for regional and urban freight.,DIESEL,GOODS,ACTIVE,2026-09-12 06:30:12.252,2026-09-12 06:30:12.252,,
df573007-5fa9-498e-aa75-3d3bcb7c105b,671e41db-5eb7-4560-b56c-18217ac3e86d,LIGHT_TRUCK_CNG,Light Truck,LIGHT_GOODS,Light goods vehicle used for regional and urban freight.,CNG,GOODS,ACTIVE,2026-09-12 06:30:12.252,2026-09-12 06:30:12.252,,
9042d7da-52b3-4021-8f7f-d6a0601a0dd6,671e41db-5eb7-4560-b56c-18217ac3e86d,LIGHT_TRUCK_ELECTRIC,Light Truck,LIGHT_GOODS,Light goods vehicle used for regional and urban freight.,ELECTRIC,GOODS,ACTIVE,2026-09-12 06:30:12.252,2026-09-12 06:30:12.252,,
0ff69f34-40ec-40be-be11-2648fba439a1,671e41db-5eb7-4560-b56c-18217ac3e86d,MEDIUM_TRUCK_DIESEL,Medium Truck,MEDIUM_GOODS,Medium-duty goods vehicle for regional freight operations.,DIESEL,GOODS,ACTIVE,2026-09-12 06:30:12.252,2026-09-12 06:30:12.252,,
c74a8d55-f6a1-4569-8319-467fd3064125,671e41db-5eb7-4560-b56c-18217ac3e86d,MEDIUM_TRUCK_CNG,Medium Truck,MEDIUM_GOODS,Medium-duty goods vehicle for regional freight operations.,CNG,GOODS,ACTIVE,2026-09-12 06:30:12.252,2026-09-12 06:30:12.252,,
cc30d7ac-4eab-4881-b4a4-72a8dd65edcf,671e41db-5eb7-4560-b56c-18217ac3e86d,MEDIUM_TRUCK_ELECTRIC,Medium Truck,MEDIUM_GOODS,Medium-duty goods vehicle for regional freight operations.,ELECTRIC,GOODS,ACTIVE,2026-09-12 06:30:12.252,2026-09-12 06:30:12.252,,
28ba2c4d-d5f5-4352-aab8-d50dd87a7427,671e41db-5eb7-4560-b56c-18217ac3e86d,HEAVY_TRUCK_DIESEL,Heavy Truck,HEAVY_GOODS,Heavy commercial truck for long-haul and high-payload freight.,DIESEL,GOODS,ACTIVE,2026-09-12 06:30:12.252,2026-09-12 06:30:12.252,,
e395de94-a1b7-4b0a-91c1-1d0383c6de3c,671e41db-5eb7-4560-b56c-18217ac3e86d,HEAVY_TRUCK_CNG,Heavy Truck,HEAVY_GOODS,Heavy commercial truck for long-haul and high-payload freight.,CNG,GOODS,ACTIVE,2026-09-12 06:30:12.252,2026-09-12 06:30:12.252,,
5cbde53e-fe9b-4ddd-a8f4-b001089bbdbc,671e41db-5eb7-4560-b56c-18217ac3e86d,HEAVY_TRUCK_ELECTRIC,Heavy Truck,HEAVY_GOODS,Heavy commercial truck for long-haul and high-payload freight.,ELECTRIC,GOODS,ACTIVE,2026-09-12 06:30:12.252,2026-09-12 06:30:12.252,,
357a2923-ee5f-4a14-92d3-9e26dce04f56,671e41db-5eb7-4560-b56c-18217ac3e86d,HEAVY_TRUCK_HYDROGEN,Heavy Truck,HEAVY_GOODS,Heavy commercial truck for long-haul and high-payload freight.,HYDROGEN,GOODS,ACTIVE,2026-09-12 06:30:12.252,2026-09-12 06:30:12.252,,
397959f8-660c-4d49-9154-2ebb9c266508,671e41db-5eb7-4560-b56c-18217ac3e86d,GOODS_CARRIER_DIESEL,Goods Carrier,GOODS_CARRIER,General-purpose commercial goods carrier.,DIESEL,GOODS,ACTIVE,2026-09-12 06:30:12.252,2026-09-12 06:30:12.252,,
37aacc12-a000-4860-969d-b6af8f2010a1,671e41db-5eb7-4560-b56c-18217ac3e86d,GOODS_CARRIER_CNG,Goods Carrier,GOODS_CARRIER,General-purpose commercial goods carrier.,CNG,GOODS,ACTIVE,2026-09-12 06:30:12.252,2026-09-12 06:30:12.252,,
9f69c918-ca75-45fa-aa5a-e78ea0a41a4b,671e41db-5eb7-4560-b56c-18217ac3e86d,GOODS_CARRIER_PETROL,Goods Carrier,GOODS_CARRIER,General-purpose commercial goods carrier.,PETROL,GOODS,ACTIVE,2026-09-12 06:30:12.252,2026-09-12 06:30:12.252,,
f302dc19-dc78-48f6-976d-9b96daa7d9d2,671e41db-5eb7-4560-b56c-18217ac3e86d,GOODS_CARRIER_ELECTRIC,Goods Carrier,GOODS_CARRIER,General-purpose commercial goods carrier.,ELECTRIC,GOODS,ACTIVE,2026-09-12 06:30:12.252,2026-09-12 06:30:12.252,,
3812f14a-6baa-4c38-82c3-8d9ef70616a2,671e41db-5eb7-4560-b56c-18217ac3e86d,TIPPER_DIESEL,Tipper,TIPPER,Truck with tipping body used for bulk material transport.,DIESEL,CONSTRUCTION,ACTIVE,2026-09-12 06:30:12.252,2026-09-12 06:30:12.252,,
7d505dad-2ad6-4a0c-b9cd-3b0024a2b53f,671e41db-5eb7-4560-b56c-18217ac3e86d,TIPPER_CNG,Tipper,TIPPER,Truck with tipping body used for bulk material transport.,CNG,CONSTRUCTION,ACTIVE,2026-09-12 06:30:12.252,2026-09-12 06:30:12.252,,
f62a3755-ab58-4e6c-819c-ec56ba089945,671e41db-5eb7-4560-b56c-18217ac3e86d,TIPPER_ELECTRIC,Tipper,TIPPER,Truck with tipping body used for bulk material transport.,ELECTRIC,CONSTRUCTION,ACTIVE,2026-09-12 06:30:12.252,2026-09-12 06:30:12.252,,
daa79984-04e2-433f-8764-a62b904685a0,671e41db-5eb7-4560-b56c-18217ac3e86d,TANKER_DIESEL,Tanker,TANKER,Truck fitted with a tank body for liquid or gaseous cargo.,DIESEL,GOODS,ACTIVE,2026-09-12 06:30:12.252,2026-09-12 06:30:12.252,,
b098fbd1-532e-48b8-a0d7-1468f39ce0ef,671e41db-5eb7-4560-b56c-18217ac3e86d,TANKER_CNG,Tanker,TANKER,Truck fitted with a tank body for liquid or gaseous cargo.,CNG,GOODS,ACTIVE,2026-09-12 06:30:12.252,2026-09-12 06:30:12.252,,
1bc29553-0133-4f41-90db-6edd85e9a1b1,671e41db-5eb7-4560-b56c-18217ac3e86d,REFRIGERATED_TRUCK_DIESEL,Refrigerated Truck,REEFER,Temperature-controlled truck used for cold-chain logistics.,DIESEL,GOODS,ACTIVE,2026-09-12 06:30:12.252,2026-09-12 06:30:12.252,,
a89b8cd5-8b24-4557-8242-6a6b81fca4d1,671e41db-5eb7-4560-b56c-18217ac3e86d,REFRIGERATED_TRUCK_CNG,Refrigerated Truck,REEFER,Temperature-controlled truck used for cold-chain logistics.,CNG,GOODS,ACTIVE,2026-09-12 06:30:12.252,2026-09-12 06:30:12.252,,
6c6693d3-685f-43c3-82cf-8a70a8deca12,671e41db-5eb7-4560-b56c-18217ac3e86d,REFRIGERATED_TRUCK_ELECTRIC,Refrigerated Truck,REEFER,Temperature-controlled truck used for cold-chain logistics.,ELECTRIC,GOODS,ACTIVE,2026-09-12 06:30:12.252,2026-09-12 06:30:12.252,,
21bd0107-9185-4062-84c7-f55ccdf90a2d,671e41db-5eb7-4560-b56c-18217ac3e86d,CONTAINER_TRUCK_DIESEL,Container Truck,CONTAINER,Truck configured for ISO container and line-haul freight movement.,DIESEL,GOODS,ACTIVE,2026-09-12 06:30:12.252,2026-09-12 06:30:12.252,,
a3ce2149-15ba-4e93-9924-207bf8b33a03,671e41db-5eb7-4560-b56c-18217ac3e86d,CONTAINER_TRUCK_CNG,Container Truck,CONTAINER,Truck configured for ISO container and line-haul freight movement.,CNG,GOODS,ACTIVE,2026-09-12 06:30:12.252,2026-09-12 06:30:12.252,,
6474643f-48b3-4eda-bea2-a75e20032015,671e41db-5eb7-4560-b56c-18217ac3e86d,CONTAINER_TRUCK_ELECTRIC,Container Truck,CONTAINER,Truck configured for ISO container and line-haul freight movement.,ELECTRIC,GOODS,ACTIVE,2026-09-12 06:30:12.252,2026-09-12 06:30:12.252,,
afd06aca-2cce-49c6-b21c-40eaa1dbcb6e,671e41db-5eb7-4560-b56c-18217ac3e86d,ARTICULATED_TRUCK_DIESEL,Articulated Truck,ARTICULATED,Articulated commercial vehicle consisting of tractor unit and semi-trailer.,DIESEL,GOODS,ACTIVE,2026-09-12 06:30:12.252,2026-09-12 06:30:12.252,,
2e55f4cd-660b-4eb9-85b9-70df0817dcc4,671e41db-5eb7-4560-b56c-18217ac3e86d,ARTICULATED_TRUCK_CNG,Articulated Truck,ARTICULATED,Articulated commercial vehicle consisting of tractor unit and semi-trailer.,CNG,GOODS,ACTIVE,2026-09-12 06:30:12.252,2026-09-12 06:30:12.252,,
763d7871-1357-44f0-ad23-158aa1cc5430,671e41db-5eb7-4560-b56c-18217ac3e86d,ARTICULATED_TRUCK_ELECTRIC,Articulated Truck,ARTICULATED,Articulated commercial vehicle consisting of tractor unit and semi-trailer.,ELECTRIC,GOODS,ACTIVE,2026-09-12 06:30:12.252,2026-09-12 06:30:12.252,,
18bdccca-50e5-4c80-af65-501abc6d26ee,671e41db-5eb7-4560-b56c-18217ac3e86d,ARTICULATED_TRUCK_HYDROGEN,Articulated Truck,ARTICULATED,Articulated commercial vehicle consisting of tractor unit and semi-trailer.,HYDROGEN,GOODS,ACTIVE,2026-09-12 06:30:12.252,2026-09-12 06:30:12.252,,
4dd05c3b-d07b-4449-b00e-ee42a14828f5,021a63c3-1018-432b-b3cb-874cbc14f8f3,AGRICULTURAL_TRACTOR_DIESEL,Agricultural Tractor,TRACTOR,"Tractor primarily used for agriculture, implements and farm haulage.",DIESEL,AGRICULTURAL,ACTIVE,2026-09-12 06:30:12.252,2026-09-12 06:30:12.252,,
8779539a-59ab-4fe8-b238-e324ab5b2b7a,021a63c3-1018-432b-b3cb-874cbc14f8f3,AGRICULTURAL_TRACTOR_CNG,Agricultural Tractor,TRACTOR,"Tractor primarily used for agriculture, implements and farm haulage.",CNG,AGRICULTURAL,ACTIVE,2026-09-12 06:30:12.252,2026-09-12 06:30:12.252,,
93cf6dd3-1670-41f7-b8c7-5916518d8dd3,021a63c3-1018-432b-b3cb-874cbc14f8f3,AGRICULTURAL_TRACTOR_ELECTRIC,Agricultural Tractor,TRACTOR,"Tractor primarily used for agriculture, implements and farm haulage.",ELECTRIC,AGRICULTURAL,ACTIVE,2026-09-12 06:30:12.252,2026-09-12 06:30:12.252,,
68797978-6dc9-4cbd-8b89-9eb22137f9b0,021a63c3-1018-432b-b3cb-874cbc14f8f3,COMMERCIAL_TRACTOR_DIESEL,Commercial Tractor,TRACTOR,Tractor registered or used for commercial haulage and non-farm applications.,DIESEL,GOODS,ACTIVE,2026-09-12 06:30:12.252,2026-09-12 06:30:12.252,,
c7c22f8f-e7fc-4ff9-a708-700d43b06f45,021a63c3-1018-432b-b3cb-874cbc14f8f3,COMMERCIAL_TRACTOR_CNG,Commercial Tractor,TRACTOR,Tractor registered or used for commercial haulage and non-farm applications.,CNG,GOODS,ACTIVE,2026-09-12 06:30:12.252,2026-09-12 06:30:12.252,,
0deea30f-3d23-4554-8c1c-f36ae165f0c2,021a63c3-1018-432b-b3cb-874cbc14f8f3,COMMERCIAL_TRACTOR_ELECTRIC,Commercial Tractor,TRACTOR,Tractor registered or used for commercial haulage and non-farm applications.,ELECTRIC,GOODS,ACTIVE,2026-09-12 06:30:12.252,2026-09-12 06:30:12.252,,
fe3f3cbf-cc4c-40ae-8c91-7b117ecc4495,021a63c3-1018-432b-b3cb-874cbc14f8f3,POWER_TILLER_DIESEL,Power Tiller,FARM_EQUIPMENT,Walk-behind or ride-on power tiller used for agricultural operations.,DIESEL,AGRICULTURAL,ACTIVE,2026-09-12 06:30:12.252,2026-09-12 06:30:12.252,,
4088cb5f-3997-4b47-bd73-13744656dabe,021a63c3-1018-432b-b3cb-874cbc14f8f3,POWER_TILLER_PETROL,Power Tiller,FARM_EQUIPMENT,Walk-behind or ride-on power tiller used for agricultural operations.,PETROL,AGRICULTURAL,ACTIVE,2026-09-12 06:30:12.252,2026-09-12 06:30:12.252,,
31fe3140-7f3a-4a9c-baa7-88208278755a,021a63c3-1018-432b-b3cb-874cbc14f8f3,POWER_TILLER_ELECTRIC,Power Tiller,FARM_EQUIPMENT,Walk-behind or ride-on power tiller used for agricultural operations.,ELECTRIC,AGRICULTURAL,ACTIVE,2026-09-12 06:30:12.252,2026-09-12 06:30:12.252,,
d560fad6-8c8b-46a9-b2e5-97a51c09ef54,021a63c3-1018-432b-b3cb-874cbc14f8f3,HARVESTER_DIESEL,Harvester,HARVESTER,Self-propelled agricultural harvesting machine.,DIESEL,AGRICULTURAL,ACTIVE,2026-09-12 06:30:12.252,2026-09-12 06:30:12.252,,
c26bc199-9ef8-43b2-ad75-e92bbde9f50c,021a63c3-1018-432b-b3cb-874cbc14f8f3,PULLER_TRACTOR_DIESEL,Puller Tractor,HAULAGE_TRACTOR,Special tractor unit used to pull heavy trailers or modular loads.,DIESEL,GOODS,ACTIVE,2026-09-12 06:30:12.252,2026-09-12 06:30:12.252,,
86423a83-458b-4ec4-9747-3b7a80b439a0,87d0a822-4636-44d2-97bd-189dac0e1380,AGRICULTURAL_TRAILER_OTHER,Agricultural Trailer,TRAILER,Towed trailer used for agricultural goods and farm operations.,OTHER,AGRICULTURAL,ACTIVE,2026-09-12 06:30:12.252,2026-09-12 06:30:12.252,,
bc997371-e7c9-46a8-b984-d11a0614fbaa,87d0a822-4636-44d2-97bd-189dac0e1380,COMMERCIAL_TRAILER_OTHER,Commercial Trailer,TRAILER,Towed commercial trailer used for freight and goods movement.,OTHER,GOODS,ACTIVE,2026-09-12 06:30:12.252,2026-09-12 06:30:12.252,,
4479adc9-913d-4815-b609-179cbe2619c2,87d0a822-4636-44d2-97bd-189dac0e1380,SEMI_TRAILER_OTHER,Semi-Trailer,TRAILER,Trailer whose load is partly supported by a tractor unit.,OTHER,GOODS,ACTIVE,2026-09-12 06:30:12.252,2026-09-12 06:30:12.252,,
e4559694-2503-4140-a061-be3572ac5cfe,87d0a822-4636-44d2-97bd-189dac0e1380,AUXILIARY_TRAILER_OTHER,Auxiliary Trailer,TRAILER,Auxiliary towed vehicle used with another motor vehicle.,OTHER,GOODS,ACTIVE,2026-09-12 06:30:12.252,2026-09-12 06:30:12.252,,
e0b6ee12-2a0b-49a1-b5e6-61fbdc8b79a2,87d0a822-4636-44d2-97bd-189dac0e1380,MODULAR_HYDRAULIC_TRAILER_OTHER,Modular Hydraulic Trailer,HEAVY_HAUL_TRAILER,Hydraulic modular trailer used for oversized and heavy project cargo.,OTHER,GOODS,ACTIVE,2026-09-12 06:30:12.252,2026-09-12 06:30:12.252,,
80ae801f-ee7b-4c93-b96f-fc174ff7909b,87d0a822-4636-44d2-97bd-189dac0e1380,PERSONAL_TRAILER_OTHER,Trailer for Personal Use,TRAILER,Small trailer used for non-commercial personal purposes.,OTHER,PRIVATE,ACTIVE,2026-09-12 06:30:12.252,2026-09-12 06:30:12.252,,
74b38611-5afd-4921-82e5-48e5de864bac,637328de-5a18-4b9c-b360-608389c5b9c4,EXCAVATOR_DIESEL,Excavator,EARTH_MOVING,Construction equipment used for excavation and earth moving.,DIESEL,CONSTRUCTION,ACTIVE,2026-09-12 06:30:12.252,2026-09-12 06:30:12.252,,
f6b15003-7d82-47f8-9410-1d0197414f34,637328de-5a18-4b9c-b360-608389c5b9c4,EXCAVATOR_ELECTRIC,Excavator,EARTH_MOVING,Construction equipment used for excavation and earth moving.,ELECTRIC,CONSTRUCTION,ACTIVE,2026-09-12 06:30:12.252,2026-09-12 06:30:12.252,,
81acb0fd-aca1-4898-ad11-5b8d4f6b7181,637328de-5a18-4b9c-b360-608389c5b9c4,BACKHOE_LOADER_DIESEL,Backhoe Loader,EARTH_MOVING,Construction machine combining front loader and rear excavator functions.,DIESEL,CONSTRUCTION,ACTIVE,2026-09-12 06:30:12.252,2026-09-12 06:30:12.252,,
067ca080-dd35-4e04-ab10-a62f32df7d13,637328de-5a18-4b9c-b360-608389c5b9c4,BACKHOE_LOADER_ELECTRIC,Backhoe Loader,EARTH_MOVING,Construction machine combining front loader and rear excavator functions.,ELECTRIC,CONSTRUCTION,ACTIVE,2026-09-12 06:30:12.252,2026-09-12 06:30:12.252,,
df247e4f-a5bb-4061-a8c3-8420829f8b4b,637328de-5a18-4b9c-b360-608389c5b9c4,WHEEL_LOADER_DIESEL,Wheel Loader,EARTH_MOVING,Loader used for material loading and earth-moving operations.,DIESEL,CONSTRUCTION,ACTIVE,2026-09-12 06:30:12.252,2026-09-12 06:30:12.252,,
e3ffd9f8-4774-4c68-bc1b-dbc75ecccc42,637328de-5a18-4b9c-b360-608389c5b9c4,WHEEL_LOADER_ELECTRIC,Wheel Loader,EARTH_MOVING,Loader used for material loading and earth-moving operations.,ELECTRIC,CONSTRUCTION,ACTIVE,2026-09-12 06:30:12.252,2026-09-12 06:30:12.252,,
80955984-51e6-4389-8df5-e6e86218755f,637328de-5a18-4b9c-b360-608389c5b9c4,BULLDOZER_DIESEL,Bulldozer,EARTH_MOVING,Tracked or wheeled dozer used for pushing and grading earth.,DIESEL,CONSTRUCTION,ACTIVE,2026-09-12 06:30:12.252,2026-09-12 06:30:12.252,,
1f9885ca-b94e-4af6-bea8-938558b2a249,637328de-5a18-4b9c-b360-608389c5b9c4,BULLDOZER_ELECTRIC,Bulldozer,EARTH_MOVING,Tracked or wheeled dozer used for pushing and grading earth.,ELECTRIC,CONSTRUCTION,ACTIVE,2026-09-12 06:30:12.252,2026-09-12 06:30:12.252,,
ae76de4c-e9ad-43da-a200-f604dc67d4b6,637328de-5a18-4b9c-b360-608389c5b9c4,DUMPER_DIESEL,Dumper,EARTH_MOVING,Construction/mining dumper used for bulk material movement at worksites.,DIESEL,CONSTRUCTION,ACTIVE,2026-09-12 06:30:12.252,2026-09-12 06:30:12.252,,
9c9d3273-9314-401d-8c0d-5ec0c5e90519,637328de-5a18-4b9c-b360-608389c5b9c4,DUMPER_ELECTRIC,Dumper,EARTH_MOVING,Construction/mining dumper used for bulk material movement at worksites.,ELECTRIC,CONSTRUCTION,ACTIVE,2026-09-12 06:30:12.252,2026-09-12 06:30:12.252,,
d4de6a87-cb75-4a67-b46f-ad384c9966f5,637328de-5a18-4b9c-b360-608389c5b9c4,ROAD_ROLLER_DIESEL,Road Roller,ROAD_EQUIPMENT,Compaction vehicle used for road and infrastructure construction.,DIESEL,CONSTRUCTION,ACTIVE,2026-09-12 06:30:12.252,2026-09-12 06:30:12.252,,
723d5635-ea61-4bcd-b2bb-fd51795b43af,637328de-5a18-4b9c-b360-608389c5b9c4,ROAD_ROLLER_ELECTRIC,Road Roller,ROAD_EQUIPMENT,Compaction vehicle used for road and infrastructure construction.,ELECTRIC,CONSTRUCTION,ACTIVE,2026-09-12 06:30:12.252,2026-09-12 06:30:12.252,,
eb1aae0c-7c83-44ff-a6e9-d9c8c6ff11ea,637328de-5a18-4b9c-b360-608389c5b9c4,MOTOR_GRADER_DIESEL,Motor Grader,ROAD_EQUIPMENT,Road construction machine used for grading and leveling surfaces.,DIESEL,CONSTRUCTION,ACTIVE,2026-09-12 06:30:12.252,2026-09-12 06:30:12.252,,
de3a3f3d-f875-47a8-9261-3e0fd434b7f1,637328de-5a18-4b9c-b360-608389c5b9c4,MOBILE_CRANE_DIESEL,Mobile Crane,LIFTING_EQUIPMENT,Self-propelled mobile crane used for lifting and construction operations.,DIESEL,CONSTRUCTION,ACTIVE,2026-09-12 06:30:12.252,2026-09-12 06:30:12.252,,
540ae693-4474-4998-819c-3d7fec3147e2,637328de-5a18-4b9c-b360-608389c5b9c4,MOBILE_CRANE_ELECTRIC,Mobile Crane,LIFTING_EQUIPMENT,Self-propelled mobile crane used for lifting and construction operations.,ELECTRIC,CONSTRUCTION,ACTIVE,2026-09-12 06:30:12.252,2026-09-12 06:30:12.252,,
5ec1e594-d1d5-4512-9653-49d417fc369e,637328de-5a18-4b9c-b360-608389c5b9c4,CRANE_MOUNTED_VEHICLE_DIESEL,Crane Mounted Vehicle,LIFTING_EQUIPMENT,Road vehicle fitted with a crane for lifting and material handling.,DIESEL,CONSTRUCTION,ACTIVE,2026-09-12 06:30:12.252,2026-09-12 06:30:12.252,,
9e8dd68e-5179-4599-a042-af93c65734ba,637328de-5a18-4b9c-b360-608389c5b9c4,CRANE_MOUNTED_VEHICLE_CNG,Crane Mounted Vehicle,LIFTING_EQUIPMENT,Road vehicle fitted with a crane for lifting and material handling.,CNG,CONSTRUCTION,ACTIVE,2026-09-12 06:30:12.252,2026-09-12 06:30:12.252,,
d42122ff-6b44-4ea1-821b-41a413356d40,637328de-5a18-4b9c-b360-608389c5b9c4,CRANE_MOUNTED_VEHICLE_ELECTRIC,Crane Mounted Vehicle,LIFTING_EQUIPMENT,Road vehicle fitted with a crane for lifting and material handling.,ELECTRIC,CONSTRUCTION,ACTIVE,2026-09-12 06:30:12.252,2026-09-12 06:30:12.252,,
59c7b614-1aaa-401d-a75a-d753c7a8b6cd,637328de-5a18-4b9c-b360-608389c5b9c4,FORKLIFT_DIESEL,Forklift,MATERIAL_HANDLING,Industrial lift truck used for handling pallets and materials.,DIESEL,INDUSTRIAL,ACTIVE,2026-09-12 06:30:12.252,2026-09-12 06:30:12.252,,
066c75be-78a3-4963-a75e-1728e5d7579a,637328de-5a18-4b9c-b360-608389c5b9c4,FORKLIFT_LPG,Forklift,MATERIAL_HANDLING,Industrial lift truck used for handling pallets and materials.,LPG,INDUSTRIAL,ACTIVE,2026-09-12 06:30:12.252,2026-09-12 06:30:12.252,,
4f8ead5b-838b-44c1-8f82-ff80a6877dd2,637328de-5a18-4b9c-b360-608389c5b9c4,FORKLIFT_CNG,Forklift,MATERIAL_HANDLING,Industrial lift truck used for handling pallets and materials.,CNG,INDUSTRIAL,ACTIVE,2026-09-12 06:30:12.252,2026-09-12 06:30:12.252,,
8d2fe000-7efb-472b-a410-bc57b0e84f1f,637328de-5a18-4b9c-b360-608389c5b9c4,FORKLIFT_ELECTRIC,Forklift,MATERIAL_HANDLING,Industrial lift truck used for handling pallets and materials.,ELECTRIC,INDUSTRIAL,ACTIVE,2026-09-12 06:30:12.252,2026-09-12 06:30:12.252,,
d3c65f58-8dcd-4222-9963-a6b865912e1b,637328de-5a18-4b9c-b360-608389c5b9c4,CONCRETE_MIXER_DIESEL,Concrete Mixer,ROAD_EQUIPMENT,Self-propelled or truck-based equipment used to mix and transport concrete.,DIESEL,CONSTRUCTION,ACTIVE,2026-09-12 06:30:12.252,2026-09-12 06:30:12.252,,
a20f4938-cf93-442d-bc24-8b1ba8ff8e5f,637328de-5a18-4b9c-b360-608389c5b9c4,CONCRETE_MIXER_CNG,Concrete Mixer,ROAD_EQUIPMENT,Self-propelled or truck-based equipment used to mix and transport concrete.,CNG,CONSTRUCTION,ACTIVE,2026-09-12 06:30:12.252,2026-09-12 06:30:12.252,,
67c57b21-5131-4cb4-9e44-2a6843f5a12b,637328de-5a18-4b9c-b360-608389c5b9c4,CONCRETE_MIXER_ELECTRIC,Concrete Mixer,ROAD_EQUIPMENT,Self-propelled or truck-based equipment used to mix and transport concrete.,ELECTRIC,CONSTRUCTION,ACTIVE,2026-09-12 06:30:12.252,2026-09-12 06:30:12.252,,
e641a915-ef7c-415c-b5a6-82c962ed031f,637328de-5a18-4b9c-b360-608389c5b9c4,PAVER_DIESEL,Paver,ROAD_EQUIPMENT,Road construction equipment used for laying asphalt or concrete pavement.,DIESEL,CONSTRUCTION,ACTIVE,2026-09-12 06:30:12.252,2026-09-12 06:30:12.252,,
61812b43-47be-41a8-9b99-20c416c62695,637328de-5a18-4b9c-b360-608389c5b9c4,PILE_BORING_MACHINE_DIESEL,Pile Boring Machine,DRILLING_EQUIPMENT,Construction equipment used for foundation pile drilling and boring.,DIESEL,CONSTRUCTION,ACTIVE,2026-09-12 06:30:12.252,2026-09-12 06:30:12.252,,
0dc5a39c-ff8d-49bb-86f4-402c53644397,637328de-5a18-4b9c-b360-608389c5b9c4,TRENCHER_DIESEL,Trencher,EARTH_MOVING,Construction equipment used to excavate trenches.,DIESEL,CONSTRUCTION,ACTIVE,2026-09-12 06:30:12.252,2026-09-12 06:30:12.252,,
e886ce5d-3a79-4740-9de8-6367ee89624e,637328de-5a18-4b9c-b360-608389c5b9c4,TRENCHER_ELECTRIC,Trencher,EARTH_MOVING,Construction equipment used to excavate trenches.,ELECTRIC,CONSTRUCTION,ACTIVE,2026-09-12 06:30:12.252,2026-09-12 06:30:12.252,,
92d8a17b-6d2d-4313-bb79-b81e5a492715,637328de-5a18-4b9c-b360-608389c5b9c4,EARTH_MOVING_EQUIPMENT_DIESEL,Earth Moving Equipment,EARTH_MOVING,Other self-propelled construction equipment used for earth-moving operations.,DIESEL,CONSTRUCTION,ACTIVE,2026-09-12 06:30:12.252,2026-09-12 06:30:12.252,,
e5f09063-a927-44fe-991b-f984bfc73bbc,637328de-5a18-4b9c-b360-608389c5b9c4,EARTH_MOVING_EQUIPMENT_ELECTRIC,Earth Moving Equipment,EARTH_MOVING,Other self-propelled construction equipment used for earth-moving operations.,ELECTRIC,CONSTRUCTION,ACTIVE,2026-09-12 06:30:12.252,2026-09-12 06:30:12.252,,
f54e3b9d-84e9-439e-85d7-f1074cf83484,b1e6114e-87e3-4f3c-b4d6-3792fe465466,AMBULANCE_DIESEL,Ambulance,EMERGENCY_VEHICLE,Road ambulance configured for emergency medical transport.,DIESEL,EMERGENCY,ACTIVE,2026-09-12 06:30:12.252,2026-09-12 06:30:12.252,,
62ad5bd3-f796-4ee7-a07b-4de6a708af1f,b1e6114e-87e3-4f3c-b4d6-3792fe465466,AMBULANCE_PETROL,Ambulance,EMERGENCY_VEHICLE,Road ambulance configured for emergency medical transport.,PETROL,EMERGENCY,ACTIVE,2026-09-12 06:30:12.252,2026-09-12 06:30:12.252,,
95acabd6-c3a9-4129-90f5-d195ef60f4ad,b1e6114e-87e3-4f3c-b4d6-3792fe465466,AMBULANCE_CNG,Ambulance,EMERGENCY_VEHICLE,Road ambulance configured for emergency medical transport.,CNG,EMERGENCY,ACTIVE,2026-09-12 06:30:12.252,2026-09-12 06:30:12.252,,
8372b088-f263-4ce6-9298-d5b7f18cadcc,b1e6114e-87e3-4f3c-b4d6-3792fe465466,AMBULANCE_ELECTRIC,Ambulance,EMERGENCY_VEHICLE,Road ambulance configured for emergency medical transport.,ELECTRIC,EMERGENCY,ACTIVE,2026-09-12 06:30:12.252,2026-09-12 06:30:12.252,,
54f8215b-d74f-428f-976e-4c68b747e65f,b1e6114e-87e3-4f3c-b4d6-3792fe465466,ANIMAL_AMBULANCE_DIESEL,Animal Ambulance,EMERGENCY_VEHICLE,Special-purpose ambulance for transportation and treatment of animals.,DIESEL,EMERGENCY,ACTIVE,2026-09-12 06:30:12.252,2026-09-12 06:30:12.252,,
756e8e6f-a855-47d0-8d50-de43b551396e,b1e6114e-87e3-4f3c-b4d6-3792fe465466,ANIMAL_AMBULANCE_PETROL,Animal Ambulance,EMERGENCY_VEHICLE,Special-purpose ambulance for transportation and treatment of animals.,PETROL,EMERGENCY,ACTIVE,2026-09-12 06:30:12.252,2026-09-12 06:30:12.252,,
575b3a17-77b7-4ba0-ac62-fcdb8a87448d,b1e6114e-87e3-4f3c-b4d6-3792fe465466,ANIMAL_AMBULANCE_CNG,Animal Ambulance,EMERGENCY_VEHICLE,Special-purpose ambulance for transportation and treatment of animals.,CNG,EMERGENCY,ACTIVE,2026-09-12 06:30:12.252,2026-09-12 06:30:12.252,,
87cd43dc-0abf-478c-a192-c56b5c64a1fa,b1e6114e-87e3-4f3c-b4d6-3792fe465466,ANIMAL_AMBULANCE_ELECTRIC,Animal Ambulance,EMERGENCY_VEHICLE,Special-purpose ambulance for transportation and treatment of animals.,ELECTRIC,EMERGENCY,ACTIVE,2026-09-12 06:30:12.252,2026-09-12 06:30:12.252,,
96fe24ae-7893-4bcb-a0e5-19a501d2851e,b1e6114e-87e3-4f3c-b4d6-3792fe465466,FIRE_TENDER_DIESEL,Fire Tender,FIRE_VEHICLE,"Emergency firefighting vehicle carrying water, foam and firefighting equipment.",DIESEL,EMERGENCY,ACTIVE,2026-09-12 06:30:12.252,2026-09-12 06:30:12.252,,
9a61b791-c79e-4da7-a154-c1d64f527cab,b1e6114e-87e3-4f3c-b4d6-3792fe465466,FIRE_TENDER_ELECTRIC,Fire Tender,FIRE_VEHICLE,"Emergency firefighting vehicle carrying water, foam and firefighting equipment.",ELECTRIC,EMERGENCY,ACTIVE,2026-09-12 06:30:12.252,2026-09-12 06:30:12.252,,
94ca1ae6-60d8-47d6-94d4-d89fa6000701,b1e6114e-87e3-4f3c-b4d6-3792fe465466,FIRE_FIGHTING_VEHICLE_DIESEL,Fire Fighting Vehicle,FIRE_VEHICLE,Specialized firefighting and rescue vehicle.,DIESEL,EMERGENCY,ACTIVE,2026-09-12 06:30:12.252,2026-09-12 06:30:12.252,,
4ff82a1c-5b77-4279-9e3f-93caa51aea21,b1e6114e-87e3-4f3c-b4d6-3792fe465466,FIRE_FIGHTING_VEHICLE_ELECTRIC,Fire Fighting Vehicle,FIRE_VEHICLE,Specialized firefighting and rescue vehicle.,ELECTRIC,EMERGENCY,ACTIVE,2026-09-12 06:30:12.252,2026-09-12 06:30:12.252,,
e301c165-04fd-4cce-92ac-71f5c865637f,b1e6114e-87e3-4f3c-b4d6-3792fe465466,RECOVERY_VEHICLE_DIESEL,Recovery Vehicle,RECOVERY_VEHICLE,"Vehicle used to recover disabled, damaged or stranded vehicles.",DIESEL,SPECIAL_PURPOSE,ACTIVE,2026-09-12 06:30:12.252,2026-09-12 06:30:12.252,,
4a1dcd97-8799-4323-906c-f5fd59a68a10,b1e6114e-87e3-4f3c-b4d6-3792fe465466,RECOVERY_VEHICLE_CNG,Recovery Vehicle,RECOVERY_VEHICLE,"Vehicle used to recover disabled, damaged or stranded vehicles.",CNG,SPECIAL_PURPOSE,ACTIVE,2026-09-12 06:30:12.252,2026-09-12 06:30:12.252,,
b554ea0d-a8a5-43c0-977f-3f79a40c4da9,b1e6114e-87e3-4f3c-b4d6-3792fe465466,RECOVERY_VEHICLE_ELECTRIC,Recovery Vehicle,RECOVERY_VEHICLE,"Vehicle used to recover disabled, damaged or stranded vehicles.",ELECTRIC,SPECIAL_PURPOSE,ACTIVE,2026-09-12 06:30:12.252,2026-09-12 06:30:12.252,,
1ca8830a-be44-4aef-b834-45385c8d0a6f,b1e6114e-87e3-4f3c-b4d6-3792fe465466,BREAKDOWN_VAN_DIESEL,Breakdown Van,RECOVERY_VEHICLE,Service van used for roadside breakdown assistance and repair.,DIESEL,SPECIAL_PURPOSE,ACTIVE,2026-09-12 06:30:12.252,2026-09-12 06:30:12.252,,
d9dc1471-c592-46f3-a926-a05fba779b6a,b1e6114e-87e3-4f3c-b4d6-3792fe465466,BREAKDOWN_VAN_CNG,Breakdown Van,RECOVERY_VEHICLE,Service van used for roadside breakdown assistance and repair.,CNG,SPECIAL_PURPOSE,ACTIVE,2026-09-12 06:30:12.252,2026-09-12 06:30:12.252,,
5eddcb93-e3c1-4c32-a70b-48be5644553d,b1e6114e-87e3-4f3c-b4d6-3792fe465466,BREAKDOWN_VAN_ELECTRIC,Breakdown Van,RECOVERY_VEHICLE,Service van used for roadside breakdown assistance and repair.,ELECTRIC,SPECIAL_PURPOSE,ACTIVE,2026-09-12 06:30:12.252,2026-09-12 06:30:12.252,,
6e42b0b0-f4b0-4ed2-8a2b-b144d47850ea,b1e6114e-87e3-4f3c-b4d6-3792fe465466,TOW_TRUCK_DIESEL,Tow Truck,RECOVERY_VEHICLE,Vehicle designed to tow disabled or illegally parked vehicles.,DIESEL,SPECIAL_PURPOSE,ACTIVE,2026-09-12 06:30:12.252,2026-09-12 06:30:12.252,,
164ac96f-c7b4-4219-b67d-bb93193cc177,b1e6114e-87e3-4f3c-b4d6-3792fe465466,TOW_TRUCK_CNG,Tow Truck,RECOVERY_VEHICLE,Vehicle designed to tow disabled or illegally parked vehicles.,CNG,SPECIAL_PURPOSE,ACTIVE,2026-09-12 06:30:12.252,2026-09-12 06:30:12.252,,
a2a713bc-b202-4867-ab8f-68f8b771d8af,b1e6114e-87e3-4f3c-b4d6-3792fe465466,TOW_TRUCK_ELECTRIC,Tow Truck,RECOVERY_VEHICLE,Vehicle designed to tow disabled or illegally parked vehicles.,ELECTRIC,SPECIAL_PURPOSE,ACTIVE,2026-09-12 06:30:12.252,2026-09-12 06:30:12.252,,
508e92b2-24f2-41c5-b5ea-c0068efdbb9a,b1e6114e-87e3-4f3c-b4d6-3792fe465466,CASH_VAN_DIESEL,Cash Van,SECURITY_VEHICLE,Armoured or secured van used to transport cash and valuables.,DIESEL,SPECIAL_PURPOSE,ACTIVE,2026-09-12 06:30:12.252,2026-09-12 06:30:12.252,,
468b0416-77f1-4110-b44d-15c49e52d852,b1e6114e-87e3-4f3c-b4d6-3792fe465466,CASH_VAN_CNG,Cash Van,SECURITY_VEHICLE,Armoured or secured van used to transport cash and valuables.,CNG,SPECIAL_PURPOSE,ACTIVE,2026-09-12 06:30:12.252,2026-09-12 06:30:12.252,,
728f8ac5-2b5c-431f-a10b-6c6b4949856d,b1e6114e-87e3-4f3c-b4d6-3792fe465466,CASH_VAN_ELECTRIC,Cash Van,SECURITY_VEHICLE,Armoured or secured van used to transport cash and valuables.,ELECTRIC,SPECIAL_PURPOSE,ACTIVE,2026-09-12 06:30:12.252,2026-09-12 06:30:12.252,,
709285d2-6820-4186-ba39-66c5ca33fa3a,b1e6114e-87e3-4f3c-b4d6-3792fe465466,ARMOURED_VEHICLE_DIESEL,Armoured/Specialised Vehicle,SECURITY_VEHICLE,Armoured or specially protected road vehicle.,DIESEL,GOVERNMENT,ACTIVE,2026-09-12 06:30:12.252,2026-09-12 06:30:12.252,,
d5e11c57-3fd6-4d72-96c2-781b0a871a98,b1e6114e-87e3-4f3c-b4d6-3792fe465466,ARMOURED_VEHICLE_PETROL,Armoured/Specialised Vehicle,SECURITY_VEHICLE,Armoured or specially protected road vehicle.,PETROL,GOVERNMENT,ACTIVE,2026-09-12 06:30:12.252,2026-09-12 06:30:12.252,,
8e42babc-f44f-48c0-b1f6-814500ee3212,b1e6114e-87e3-4f3c-b4d6-3792fe465466,ARMOURED_VEHICLE_ELECTRIC,Armoured/Specialised Vehicle,SECURITY_VEHICLE,Armoured or specially protected road vehicle.,ELECTRIC,GOVERNMENT,ACTIVE,2026-09-12 06:30:12.252,2026-09-12 06:30:12.252,,
4b468d6d-2d57-4532-8484-0c9af0d59ffd,b1e6114e-87e3-4f3c-b4d6-3792fe465466,HEARSE_DIESEL,Hearse,FUNERAL_VEHICLE,Special-purpose vehicle used to transport deceased persons.,DIESEL,SPECIAL_PURPOSE,ACTIVE,2026-09-12 06:30:12.252,2026-09-12 06:30:12.252,,
d114dd90-a401-48af-bdb3-93f223499dd8,b1e6114e-87e3-4f3c-b4d6-3792fe465466,HEARSE_PETROL,Hearse,FUNERAL_VEHICLE,Special-purpose vehicle used to transport deceased persons.,PETROL,SPECIAL_PURPOSE,ACTIVE,2026-09-12 06:30:12.252,2026-09-12 06:30:12.252,,
8f868b73-4e2a-4a6c-bd2f-20c45269cf65,b1e6114e-87e3-4f3c-b4d6-3792fe465466,HEARSE_CNG,Hearse,FUNERAL_VEHICLE,Special-purpose vehicle used to transport deceased persons.,CNG,SPECIAL_PURPOSE,ACTIVE,2026-09-12 06:30:12.252,2026-09-12 06:30:12.252,,
846ca9b4-d6aa-4474-9792-e9e816b55d82,b1e6114e-87e3-4f3c-b4d6-3792fe465466,HEARSE_ELECTRIC,Hearse,FUNERAL_VEHICLE,Special-purpose vehicle used to transport deceased persons.,ELECTRIC,SPECIAL_PURPOSE,ACTIVE,2026-09-12 06:30:12.252,2026-09-12 06:30:12.252,,
7f083710-2f42-4a7d-8f4f-33df52787977,b1e6114e-87e3-4f3c-b4d6-3792fe465466,MOBILE_CLINIC_DIESEL,Mobile Clinic,MOBILE_SERVICE,Vehicle equipped to provide mobile healthcare or clinical services.,DIESEL,SPECIAL_PURPOSE,ACTIVE,2026-09-12 06:30:12.252,2026-09-12 06:30:12.252,,
fb5159be-30a6-4e92-99f6-fd8a5290b069,b1e6114e-87e3-4f3c-b4d6-3792fe465466,MOBILE_CLINIC_CNG,Mobile Clinic,MOBILE_SERVICE,Vehicle equipped to provide mobile healthcare or clinical services.,CNG,SPECIAL_PURPOSE,ACTIVE,2026-09-12 06:30:12.252,2026-09-12 06:30:12.252,,
e5a89624-3c76-4734-9564-539bfc891a85,b1e6114e-87e3-4f3c-b4d6-3792fe465466,MOBILE_CLINIC_ELECTRIC,Mobile Clinic,MOBILE_SERVICE,Vehicle equipped to provide mobile healthcare or clinical services.,ELECTRIC,SPECIAL_PURPOSE,ACTIVE,2026-09-12 06:30:12.252,2026-09-12 06:30:12.252,,
3dcf0f38-27ce-4541-a653-560130078e71,b1e6114e-87e3-4f3c-b4d6-3792fe465466,X_RAY_VAN_DIESEL,X-Ray Van,MOBILE_SERVICE,Mobile diagnostic vehicle equipped with X-ray facilities.,DIESEL,SPECIAL_PURPOSE,ACTIVE,2026-09-12 06:30:12.252,2026-09-12 06:30:12.252,,
beb03df6-9ed6-47d2-b9d8-df7474c3bf8b,b1e6114e-87e3-4f3c-b4d6-3792fe465466,X_RAY_VAN_CNG,X-Ray Van,MOBILE_SERVICE,Mobile diagnostic vehicle equipped with X-ray facilities.,CNG,SPECIAL_PURPOSE,ACTIVE,2026-09-12 06:30:12.252,2026-09-12 06:30:12.252,,
cefdf790-8464-4be3-a676-f0241803da5a,b1e6114e-87e3-4f3c-b4d6-3792fe465466,X_RAY_VAN_ELECTRIC,X-Ray Van,MOBILE_SERVICE,Mobile diagnostic vehicle equipped with X-ray facilities.,ELECTRIC,SPECIAL_PURPOSE,ACTIVE,2026-09-12 06:30:12.252,2026-09-12 06:30:12.252,,
4ecf0e9d-a0d9-44a4-bb93-f7e67b570682,b1e6114e-87e3-4f3c-b4d6-3792fe465466,MOBILE_WORKSHOP_DIESEL,Mobile Workshop,MOBILE_SERVICE,Vehicle equipped as a mobile repair and maintenance workshop.,DIESEL,SPECIAL_PURPOSE,ACTIVE,2026-09-12 06:30:12.252,2026-09-12 06:30:12.252,,
e05d5357-54ed-42ce-ae47-c43467b96781,b1e6114e-87e3-4f3c-b4d6-3792fe465466,MOBILE_WORKSHOP_CNG,Mobile Workshop,MOBILE_SERVICE,Vehicle equipped as a mobile repair and maintenance workshop.,CNG,SPECIAL_PURPOSE,ACTIVE,2026-09-12 06:30:12.252,2026-09-12 06:30:12.252,,
283b810c-97ef-4477-8f47-0b6ff89cec83,b1e6114e-87e3-4f3c-b4d6-3792fe465466,MOBILE_WORKSHOP_ELECTRIC,Mobile Workshop,MOBILE_SERVICE,Vehicle equipped as a mobile repair and maintenance workshop.,ELECTRIC,SPECIAL_PURPOSE,ACTIVE,2026-09-12 06:30:12.252,2026-09-12 06:30:12.252,,
b7ee5efc-f6aa-4b3c-ae5f-641f9bedba96,b1e6114e-87e3-4f3c-b4d6-3792fe465466,MOBILE_CANTEEN_DIESEL,Mobile Canteen,MOBILE_SERVICE,Vehicle equipped for mobile food preparation and service.,DIESEL,SPECIAL_PURPOSE,ACTIVE,2026-09-12 06:30:12.252,2026-09-12 06:30:12.252,,
101dadb6-86ed-40d4-b104-20dd6cfa1fe6,b1e6114e-87e3-4f3c-b4d6-3792fe465466,MOBILE_CANTEEN_CNG,Mobile Canteen,MOBILE_SERVICE,Vehicle equipped for mobile food preparation and service.,CNG,SPECIAL_PURPOSE,ACTIVE,2026-09-12 06:30:12.252,2026-09-12 06:30:12.252,,
23e901b3-4b44-43df-b6eb-0119ccf66470,b1e6114e-87e3-4f3c-b4d6-3792fe465466,MOBILE_CANTEEN_ELECTRIC,Mobile Canteen,MOBILE_SERVICE,Vehicle equipped for mobile food preparation and service.,ELECTRIC,SPECIAL_PURPOSE,ACTIVE,2026-09-12 06:30:12.252,2026-09-12 06:30:12.252,,
b7411509-eee3-48d0-b36c-70648cb4b407,b1e6114e-87e3-4f3c-b4d6-3792fe465466,LIBRARY_VAN_DIESEL,Library Van,MOBILE_SERVICE,Vehicle configured as a mobile library or education service.,DIESEL,GOVERNMENT,ACTIVE,2026-09-12 06:30:12.252,2026-09-12 06:30:12.252,,
7ca448f7-a62c-432a-9272-e8d01daeba8a,b1e6114e-87e3-4f3c-b4d6-3792fe465466,LIBRARY_VAN_CNG,Library Van,MOBILE_SERVICE,Vehicle configured as a mobile library or education service.,CNG,GOVERNMENT,ACTIVE,2026-09-12 06:30:12.252,2026-09-12 06:30:12.252,,
eb78e0da-6e2c-47ad-9151-33ddfa73d607,b1e6114e-87e3-4f3c-b4d6-3792fe465466,LIBRARY_VAN_ELECTRIC,Library Van,MOBILE_SERVICE,Vehicle configured as a mobile library or education service.,ELECTRIC,GOVERNMENT,ACTIVE,2026-09-12 06:30:12.252,2026-09-12 06:30:12.252,,
d40f93fc-ef5a-4684-b475-0584d8d9b3ff,b1e6114e-87e3-4f3c-b4d6-3792fe465466,TOWER_WAGON_DIESEL,Tower Wagon,UTILITY_VEHICLE,Railway or infrastructure maintenance vehicle with elevated work equipment.,DIESEL,GOVERNMENT,ACTIVE,2026-09-12 06:30:12.252,2026-09-12 06:30:12.252,,
f756e1bc-1636-4198-87a0-8f829ec04150,b1e6114e-87e3-4f3c-b4d6-3792fe465466,TOWER_WAGON_ELECTRIC,Tower Wagon,UTILITY_VEHICLE,Railway or infrastructure maintenance vehicle with elevated work equipment.,ELECTRIC,GOVERNMENT,ACTIVE,2026-09-12 06:30:12.252,2026-09-12 06:30:12.252,,
c2443f39-918e-4791-80fd-31c6937df31b,b1e6114e-87e3-4f3c-b4d6-3792fe465466,TREE_TRIMMING_VEHICLE_DIESEL,Tree Trimming Vehicle,UTILITY_VEHICLE,Special-purpose vehicle with aerial platform or tools for tree trimming.,DIESEL,GOVERNMENT,ACTIVE,2026-09-12 06:30:12.252,2026-09-12 06:30:12.252,,
ecc1e294-e46a-4fee-a103-9f14f1101263,b1e6114e-87e3-4f3c-b4d6-3792fe465466,TREE_TRIMMING_VEHICLE_CNG,Tree Trimming Vehicle,UTILITY_VEHICLE,Special-purpose vehicle with aerial platform or tools for tree trimming.,CNG,GOVERNMENT,ACTIVE,2026-09-12 06:30:12.252,2026-09-12 06:30:12.252,,
0e709e64-a503-4bf5-afc7-0d1edda7cac1,b1e6114e-87e3-4f3c-b4d6-3792fe465466,TREE_TRIMMING_VEHICLE_ELECTRIC,Tree Trimming Vehicle,UTILITY_VEHICLE,Special-purpose vehicle with aerial platform or tools for tree trimming.,ELECTRIC,GOVERNMENT,ACTIVE,2026-09-12 06:30:12.252,2026-09-12 06:30:12.252,,
579e4c0c-f600-4e31-af8b-3abbc9cd3033,b1e6114e-87e3-4f3c-b4d6-3792fe465466,ROAD_SWEEPER_DIESEL,Road Sweeper,MUNICIPAL_VEHICLE,Municipal road-cleaning and sweeping vehicle.,DIESEL,GOVERNMENT,ACTIVE,2026-09-12 06:30:12.252,2026-09-12 06:30:12.252,,
0483efd4-d1e2-48a5-ae4f-12cfad5b359c,b1e6114e-87e3-4f3c-b4d6-3792fe465466,ROAD_SWEEPER_CNG,Road Sweeper,MUNICIPAL_VEHICLE,Municipal road-cleaning and sweeping vehicle.,CNG,GOVERNMENT,ACTIVE,2026-09-12 06:30:12.252,2026-09-12 06:30:12.252,,
c006d3e6-dc48-4695-90a0-13ba872be6ad,b1e6114e-87e3-4f3c-b4d6-3792fe465466,ROAD_SWEEPER_ELECTRIC,Road Sweeper,MUNICIPAL_VEHICLE,Municipal road-cleaning and sweeping vehicle.,ELECTRIC,GOVERNMENT,ACTIVE,2026-09-12 06:30:12.252,2026-09-12 06:30:12.252,,
38465b65-2d21-4b26-a1f2-14048ab4e353,b1e6114e-87e3-4f3c-b4d6-3792fe465466,SEWER_CLEANING_VEHICLE_DIESEL,Sewer Cleaning Vehicle,MUNICIPAL_VEHICLE,"Vehicle equipped for sewer suction, jetting and sanitation operations.",DIESEL,GOVERNMENT,ACTIVE,2026-09-12 06:30:12.252,2026-09-12 06:30:12.252,,
13e1e83a-4afa-482a-892e-f5492fbc2dc8,b1e6114e-87e3-4f3c-b4d6-3792fe465466,SEWER_CLEANING_VEHICLE_CNG,Sewer Cleaning Vehicle,MUNICIPAL_VEHICLE,"Vehicle equipped for sewer suction, jetting and sanitation operations.",CNG,GOVERNMENT,ACTIVE,2026-09-12 06:30:12.252,2026-09-12 06:30:12.252,,
a78e84e3-ecc0-40ba-a5dd-ba54b085e9da,b1e6114e-87e3-4f3c-b4d6-3792fe465466,SEWER_CLEANING_VEHICLE_ELECTRIC,Sewer Cleaning Vehicle,MUNICIPAL_VEHICLE,"Vehicle equipped for sewer suction, jetting and sanitation operations.",ELECTRIC,GOVERNMENT,ACTIVE,2026-09-12 06:30:12.252,2026-09-12 06:30:12.252,,
d61b8273-8be8-4c6a-9b45-e18012344821,b1e6114e-87e3-4f3c-b4d6-3792fe465466,GARBAGE_COMPACTOR_DIESEL,Garbage Compactor,MUNICIPAL_VEHICLE,Municipal waste-collection vehicle with compaction body.,DIESEL,GOVERNMENT,ACTIVE,2026-09-12 06:30:12.252,2026-09-12 06:30:12.252,,
5dd20fa7-b8ac-45cc-a337-851cd4dd90ed,b1e6114e-87e3-4f3c-b4d6-3792fe465466,GARBAGE_COMPACTOR_CNG,Garbage Compactor,MUNICIPAL_VEHICLE,Municipal waste-collection vehicle with compaction body.,CNG,GOVERNMENT,ACTIVE,2026-09-12 06:30:12.252,2026-09-12 06:30:12.252,,
3e650bcf-c387-4c27-9cde-01d6c9d2f04b,b1e6114e-87e3-4f3c-b4d6-3792fe465466,GARBAGE_COMPACTOR_ELECTRIC,Garbage Compactor,MUNICIPAL_VEHICLE,Municipal waste-collection vehicle with compaction body.,ELECTRIC,GOVERNMENT,ACTIVE,2026-09-12 06:30:12.252,2026-09-12 06:30:12.252,,
e4a6e759-67db-4a2a-9c6b-c78bf9ae90eb,b1e6114e-87e3-4f3c-b4d6-3792fe465466,WATER_TANKER_DIESEL,Water Tanker,UTILITY_VEHICLE,"Vehicle fitted with a water tank for municipal, construction or emergency supply.",DIESEL,GOVERNMENT,ACTIVE,2026-09-12 06:30:12.252,2026-09-12 06:30:12.252,,
03daf5f8-14fa-4c3d-8e0c-a8335e85f0ad,b1e6114e-87e3-4f3c-b4d6-3792fe465466,WATER_TANKER_CNG,Water Tanker,UTILITY_VEHICLE,"Vehicle fitted with a water tank for municipal, construction or emergency supply.",CNG,GOVERNMENT,ACTIVE,2026-09-12 06:30:12.252,2026-09-12 06:30:12.252,,
319c366e-d33c-421f-9eb0-c5b668adb5a3,b1e6114e-87e3-4f3c-b4d6-3792fe465466,WATER_TANKER_ELECTRIC,Water Tanker,UTILITY_VEHICLE,"Vehicle fitted with a water tank for municipal, construction or emergency supply.",ELECTRIC,GOVERNMENT,ACTIVE,2026-09-12 06:30:12.252,2026-09-12 06:30:12.252,,
63864483-4f1a-48d8-83f7-3757fed61554,b1e6114e-87e3-4f3c-b4d6-3792fe465466,VEHICLE_WITH_COMPRESSOR_DIESEL,Vehicle Fitted with Compressor,EQUIPMENT_MOUNTED,Road vehicle permanently fitted with compressor equipment.,DIESEL,SPECIAL_PURPOSE,ACTIVE,2026-09-12 06:30:12.252,2026-09-12 06:30:12.252,,
32b258a1-f6c0-49fa-9446-c5fa61986539,b1e6114e-87e3-4f3c-b4d6-3792fe465466,VEHICLE_WITH_COMPRESSOR_CNG,Vehicle Fitted with Compressor,EQUIPMENT_MOUNTED,Road vehicle permanently fitted with compressor equipment.,CNG,SPECIAL_PURPOSE,ACTIVE,2026-09-12 06:30:12.252,2026-09-12 06:30:12.252,,
93fefeee-1ae2-4022-acb3-adb634648340,b1e6114e-87e3-4f3c-b4d6-3792fe465466,VEHICLE_WITH_COMPRESSOR_ELECTRIC,Vehicle Fitted with Compressor,EQUIPMENT_MOUNTED,Road vehicle permanently fitted with compressor equipment.,ELECTRIC,SPECIAL_PURPOSE,ACTIVE,2026-09-12 06:30:12.252,2026-09-12 06:30:12.252,,
09989cc4-5aa9-4483-afd5-8be5319917de,b1e6114e-87e3-4f3c-b4d6-3792fe465466,VEHICLE_WITH_GENERATOR_DIESEL,Vehicle Fitted with Generator,EQUIPMENT_MOUNTED,Road vehicle permanently fitted with generator equipment.,DIESEL,SPECIAL_PURPOSE,ACTIVE,2026-09-12 06:30:12.252,2026-09-12 06:30:12.252,,
10ecbb3c-a9ee-4f31-8177-aea8341e009a,b1e6114e-87e3-4f3c-b4d6-3792fe465466,VEHICLE_WITH_GENERATOR_CNG,Vehicle Fitted with Generator,EQUIPMENT_MOUNTED,Road vehicle permanently fitted with generator equipment.,CNG,SPECIAL_PURPOSE,ACTIVE,2026-09-12 06:30:12.252,2026-09-12 06:30:12.252,,
c7f126ae-8d7f-4e3f-bf1d-8474887bce6e,b1e6114e-87e3-4f3c-b4d6-3792fe465466,VEHICLE_WITH_GENERATOR_ELECTRIC,Vehicle Fitted with Generator,EQUIPMENT_MOUNTED,Road vehicle permanently fitted with generator equipment.,ELECTRIC,SPECIAL_PURPOSE,ACTIVE,2026-09-12 06:30:12.252,2026-09-12 06:30:12.252,,
a8e0d455-1c4b-45fb-9500-bed27ecbb521,b1e6114e-87e3-4f3c-b4d6-3792fe465466,VEHICLE_WITH_RIG_DIESEL,Vehicle Fitted with Rig,EQUIPMENT_MOUNTED,Road vehicle permanently fitted with drilling or service rig equipment.,DIESEL,SPECIAL_PURPOSE,ACTIVE,2026-09-12 06:30:12.252,2026-09-12 06:30:12.252,,
